"categoria_id","bloque","tarea_diseno","alternativa","perfil_id","atributo_id","nivel_id"
"gestion_marketing",1,1,"A","bi_analisis=analitico|prediccion_demanda=ventas_totales|gestion_precios=grupos_condiciones|generacion_contenido=imagenes|automatizacion=a_solicitud|precio_mensual=precio_40000","bi_analisis","analitico"
"gestion_marketing",1,1,"A","bi_analisis=analitico|prediccion_demanda=ventas_totales|gestion_precios=grupos_condiciones|generacion_contenido=imagenes|automatizacion=a_solicitud|precio_mensual=precio_40000","prediccion_demanda","ventas_totales"
"gestion_marketing",1,1,"A","bi_analisis=analitico|prediccion_demanda=ventas_totales|gestion_precios=grupos_condiciones|generacion_contenido=imagenes|automatizacion=a_solicitud|precio_mensual=precio_40000","gestion_precios","grupos_condiciones"
"gestion_marketing",1,1,"A","bi_analisis=analitico|prediccion_demanda=ventas_totales|gestion_precios=grupos_condiciones|generacion_contenido=imagenes|automatizacion=a_solicitud|precio_mensual=precio_40000","generacion_contenido","imagenes"
"gestion_marketing",1,1,"A","bi_analisis=analitico|prediccion_demanda=ventas_totales|gestion_precios=grupos_condiciones|generacion_contenido=imagenes|automatizacion=a_solicitud|precio_mensual=precio_40000","automatizacion","a_solicitud"
"gestion_marketing",1,1,"A","bi_analisis=analitico|prediccion_demanda=ventas_totales|gestion_precios=grupos_condiciones|generacion_contenido=imagenes|automatizacion=a_solicitud|precio_mensual=precio_40000","precio_mensual","precio_40000"
"gestion_marketing",1,1,"B","bi_analisis=no_incluido|prediccion_demanda=por_categoria|gestion_precios=no_incluida|generacion_contenido=texto|automatizacion=programada|precio_mensual=precio_450000","bi_analisis","no_incluido"
"gestion_marketing",1,1,"B","bi_analisis=no_incluido|prediccion_demanda=por_categoria|gestion_precios=no_incluida|generacion_contenido=texto|automatizacion=programada|precio_mensual=precio_450000","prediccion_demanda","por_categoria"
"gestion_marketing",1,1,"B","bi_analisis=no_incluido|prediccion_demanda=por_categoria|gestion_precios=no_incluida|generacion_contenido=texto|automatizacion=programada|precio_mensual=precio_450000","gestion_precios","no_incluida"
"gestion_marketing",1,1,"B","bi_analisis=no_incluido|prediccion_demanda=por_categoria|gestion_precios=no_incluida|generacion_contenido=texto|automatizacion=programada|precio_mensual=precio_450000","generacion_contenido","texto"
"gestion_marketing",1,1,"B","bi_analisis=no_incluido|prediccion_demanda=por_categoria|gestion_precios=no_incluida|generacion_contenido=texto|automatizacion=programada|precio_mensual=precio_450000","automatizacion","programada"
"gestion_marketing",1,1,"B","bi_analisis=no_incluido|prediccion_demanda=por_categoria|gestion_precios=no_incluida|generacion_contenido=texto|automatizacion=programada|precio_mensual=precio_450000","precio_mensual","precio_450000"
"gestion_marketing",1,2,"A","bi_analisis=descriptivo|prediccion_demanda=por_producto|gestion_precios=no_incluida|generacion_contenido=texto|automatizacion=a_solicitud|precio_mensual=precio_40000","bi_analisis","descriptivo"
"gestion_marketing",1,2,"A","bi_analisis=descriptivo|prediccion_demanda=por_producto|gestion_precios=no_incluida|generacion_contenido=texto|automatizacion=a_solicitud|precio_mensual=precio_40000","prediccion_demanda","por_producto"
"gestion_marketing",1,2,"A","bi_analisis=descriptivo|prediccion_demanda=por_producto|gestion_precios=no_incluida|generacion_contenido=texto|automatizacion=a_solicitud|precio_mensual=precio_40000","gestion_precios","no_incluida"
"gestion_marketing",1,2,"A","bi_analisis=descriptivo|prediccion_demanda=por_producto|gestion_precios=no_incluida|generacion_contenido=texto|automatizacion=a_solicitud|precio_mensual=precio_40000","generacion_contenido","texto"
"gestion_marketing",1,2,"A","bi_analisis=descriptivo|prediccion_demanda=por_producto|gestion_precios=no_incluida|generacion_contenido=texto|automatizacion=a_solicitud|precio_mensual=precio_40000","automatizacion","a_solicitud"
"gestion_marketing",1,2,"A","bi_analisis=descriptivo|prediccion_demanda=por_producto|gestion_precios=no_incluida|generacion_contenido=texto|automatizacion=a_solicitud|precio_mensual=precio_40000","precio_mensual","precio_40000"
"gestion_marketing",1,2,"B","bi_analisis=analitico|prediccion_demanda=por_categoria|gestion_precios=precio_individualizado|generacion_contenido=no_incluida|automatizacion=eventos|precio_mensual=precio_450000","bi_analisis","analitico"
"gestion_marketing",1,2,"B","bi_analisis=analitico|prediccion_demanda=por_categoria|gestion_precios=precio_individualizado|generacion_contenido=no_incluida|automatizacion=eventos|precio_mensual=precio_450000","prediccion_demanda","por_categoria"
"gestion_marketing",1,2,"B","bi_analisis=analitico|prediccion_demanda=por_categoria|gestion_precios=precio_individualizado|generacion_contenido=no_incluida|automatizacion=eventos|precio_mensual=precio_450000","gestion_precios","precio_individualizado"
"gestion_marketing",1,2,"B","bi_analisis=analitico|prediccion_demanda=por_categoria|gestion_precios=precio_individualizado|generacion_contenido=no_incluida|automatizacion=eventos|precio_mensual=precio_450000","generacion_contenido","no_incluida"
"gestion_marketing",1,2,"B","bi_analisis=analitico|prediccion_demanda=por_categoria|gestion_precios=precio_individualizado|generacion_contenido=no_incluida|automatizacion=eventos|precio_mensual=precio_450000","automatizacion","eventos"
"gestion_marketing",1,2,"B","bi_analisis=analitico|prediccion_demanda=por_categoria|gestion_precios=precio_individualizado|generacion_contenido=no_incluida|automatizacion=eventos|precio_mensual=precio_450000","precio_mensual","precio_450000"
"gestion_marketing",1,3,"A","bi_analisis=prescriptivo|prediccion_demanda=no_incluida|gestion_precios=grupos_condiciones|generacion_contenido=texto|automatizacion=eventos|precio_mensual=precio_40000","bi_analisis","prescriptivo"
"gestion_marketing",1,3,"A","bi_analisis=prescriptivo|prediccion_demanda=no_incluida|gestion_precios=grupos_condiciones|generacion_contenido=texto|automatizacion=eventos|precio_mensual=precio_40000","prediccion_demanda","no_incluida"
"gestion_marketing",1,3,"A","bi_analisis=prescriptivo|prediccion_demanda=no_incluida|gestion_precios=grupos_condiciones|generacion_contenido=texto|automatizacion=eventos|precio_mensual=precio_40000","gestion_precios","grupos_condiciones"
"gestion_marketing",1,3,"A","bi_analisis=prescriptivo|prediccion_demanda=no_incluida|gestion_precios=grupos_condiciones|generacion_contenido=texto|automatizacion=eventos|precio_mensual=precio_40000","generacion_contenido","texto"
"gestion_marketing",1,3,"A","bi_analisis=prescriptivo|prediccion_demanda=no_incluida|gestion_precios=grupos_condiciones|generacion_contenido=texto|automatizacion=eventos|precio_mensual=precio_40000","automatizacion","eventos"
"gestion_marketing",1,3,"A","bi_analisis=prescriptivo|prediccion_demanda=no_incluida|gestion_precios=grupos_condiciones|generacion_contenido=texto|automatizacion=eventos|precio_mensual=precio_40000","precio_mensual","precio_40000"
"gestion_marketing",1,3,"B","bi_analisis=descriptivo|prediccion_demanda=por_producto|gestion_precios=precio_individualizado|generacion_contenido=texto_imagenes|automatizacion=programada|precio_mensual=precio_450000","bi_analisis","descriptivo"
"gestion_marketing",1,3,"B","bi_analisis=descriptivo|prediccion_demanda=por_producto|gestion_precios=precio_individualizado|generacion_contenido=texto_imagenes|automatizacion=programada|precio_mensual=precio_450000","prediccion_demanda","por_producto"
"gestion_marketing",1,3,"B","bi_analisis=descriptivo|prediccion_demanda=por_producto|gestion_precios=precio_individualizado|generacion_contenido=texto_imagenes|automatizacion=programada|precio_mensual=precio_450000","gestion_precios","precio_individualizado"
"gestion_marketing",1,3,"B","bi_analisis=descriptivo|prediccion_demanda=por_producto|gestion_precios=precio_individualizado|generacion_contenido=texto_imagenes|automatizacion=programada|precio_mensual=precio_450000","generacion_contenido","texto_imagenes"
"gestion_marketing",1,3,"B","bi_analisis=descriptivo|prediccion_demanda=por_producto|gestion_precios=precio_individualizado|generacion_contenido=texto_imagenes|automatizacion=programada|precio_mensual=precio_450000","automatizacion","programada"
"gestion_marketing",1,3,"B","bi_analisis=descriptivo|prediccion_demanda=por_producto|gestion_precios=precio_individualizado|generacion_contenido=texto_imagenes|automatizacion=programada|precio_mensual=precio_450000","precio_mensual","precio_450000"
"gestion_marketing",1,4,"A","bi_analisis=descriptivo|prediccion_demanda=ventas_totales|gestion_precios=no_incluida|generacion_contenido=imagenes|automatizacion=eventos|precio_mensual=precio_450000","bi_analisis","descriptivo"
"gestion_marketing",1,4,"A","bi_analisis=descriptivo|prediccion_demanda=ventas_totales|gestion_precios=no_incluida|generacion_contenido=imagenes|automatizacion=eventos|precio_mensual=precio_450000","prediccion_demanda","ventas_totales"
"gestion_marketing",1,4,"A","bi_analisis=descriptivo|prediccion_demanda=ventas_totales|gestion_precios=no_incluida|generacion_contenido=imagenes|automatizacion=eventos|precio_mensual=precio_450000","gestion_precios","no_incluida"
"gestion_marketing",1,4,"A","bi_analisis=descriptivo|prediccion_demanda=ventas_totales|gestion_precios=no_incluida|generacion_contenido=imagenes|automatizacion=eventos|precio_mensual=precio_450000","generacion_contenido","imagenes"
"gestion_marketing",1,4,"A","bi_analisis=descriptivo|prediccion_demanda=ventas_totales|gestion_precios=no_incluida|generacion_contenido=imagenes|automatizacion=eventos|precio_mensual=precio_450000","automatizacion","eventos"
"gestion_marketing",1,4,"A","bi_analisis=descriptivo|prediccion_demanda=ventas_totales|gestion_precios=no_incluida|generacion_contenido=imagenes|automatizacion=eventos|precio_mensual=precio_450000","precio_mensual","precio_450000"
"gestion_marketing",1,4,"B","bi_analisis=no_incluido|prediccion_demanda=no_incluida|gestion_precios=precio_general|generacion_contenido=texto_imagenes|automatizacion=a_solicitud|precio_mensual=precio_40000","bi_analisis","no_incluido"
"gestion_marketing",1,4,"B","bi_analisis=no_incluido|prediccion_demanda=no_incluida|gestion_precios=precio_general|generacion_contenido=texto_imagenes|automatizacion=a_solicitud|precio_mensual=precio_40000","prediccion_demanda","no_incluida"
"gestion_marketing",1,4,"B","bi_analisis=no_incluido|prediccion_demanda=no_incluida|gestion_precios=precio_general|generacion_contenido=texto_imagenes|automatizacion=a_solicitud|precio_mensual=precio_40000","gestion_precios","precio_general"
"gestion_marketing",1,4,"B","bi_analisis=no_incluido|prediccion_demanda=no_incluida|gestion_precios=precio_general|generacion_contenido=texto_imagenes|automatizacion=a_solicitud|precio_mensual=precio_40000","generacion_contenido","texto_imagenes"
"gestion_marketing",1,4,"B","bi_analisis=no_incluido|prediccion_demanda=no_incluida|gestion_precios=precio_general|generacion_contenido=texto_imagenes|automatizacion=a_solicitud|precio_mensual=precio_40000","automatizacion","a_solicitud"
"gestion_marketing",1,4,"B","bi_analisis=no_incluido|prediccion_demanda=no_incluida|gestion_precios=precio_general|generacion_contenido=texto_imagenes|automatizacion=a_solicitud|precio_mensual=precio_40000","precio_mensual","precio_40000"
"gestion_marketing",2,1,"A","bi_analisis=analitico|prediccion_demanda=por_producto|gestion_precios=precio_general|generacion_contenido=imagenes|automatizacion=eventos|precio_mensual=precio_40000","bi_analisis","analitico"
"gestion_marketing",2,1,"A","bi_analisis=analitico|prediccion_demanda=por_producto|gestion_precios=precio_general|generacion_contenido=imagenes|automatizacion=eventos|precio_mensual=precio_40000","prediccion_demanda","por_producto"
"gestion_marketing",2,1,"A","bi_analisis=analitico|prediccion_demanda=por_producto|gestion_precios=precio_general|generacion_contenido=imagenes|automatizacion=eventos|precio_mensual=precio_40000","gestion_precios","precio_general"
"gestion_marketing",2,1,"A","bi_analisis=analitico|prediccion_demanda=por_producto|gestion_precios=precio_general|generacion_contenido=imagenes|automatizacion=eventos|precio_mensual=precio_40000","generacion_contenido","imagenes"
"gestion_marketing",2,1,"A","bi_analisis=analitico|prediccion_demanda=por_producto|gestion_precios=precio_general|generacion_contenido=imagenes|automatizacion=eventos|precio_mensual=precio_40000","automatizacion","eventos"
"gestion_marketing",2,1,"A","bi_analisis=analitico|prediccion_demanda=por_producto|gestion_precios=precio_general|generacion_contenido=imagenes|automatizacion=eventos|precio_mensual=precio_40000","precio_mensual","precio_40000"
"gestion_marketing",2,1,"B","bi_analisis=descriptivo|prediccion_demanda=ventas_totales|gestion_precios=grupos_condiciones|generacion_contenido=texto|automatizacion=programada|precio_mensual=precio_450000","bi_analisis","descriptivo"
"gestion_marketing",2,1,"B","bi_analisis=descriptivo|prediccion_demanda=ventas_totales|gestion_precios=grupos_condiciones|generacion_contenido=texto|automatizacion=programada|precio_mensual=precio_450000","prediccion_demanda","ventas_totales"
"gestion_marketing",2,1,"B","bi_analisis=descriptivo|prediccion_demanda=ventas_totales|gestion_precios=grupos_condiciones|generacion_contenido=texto|automatizacion=programada|precio_mensual=precio_450000","gestion_precios","grupos_condiciones"
"gestion_marketing",2,1,"B","bi_analisis=descriptivo|prediccion_demanda=ventas_totales|gestion_precios=grupos_condiciones|generacion_contenido=texto|automatizacion=programada|precio_mensual=precio_450000","generacion_contenido","texto"
"gestion_marketing",2,1,"B","bi_analisis=descriptivo|prediccion_demanda=ventas_totales|gestion_precios=grupos_condiciones|generacion_contenido=texto|automatizacion=programada|precio_mensual=precio_450000","automatizacion","programada"
"gestion_marketing",2,1,"B","bi_analisis=descriptivo|prediccion_demanda=ventas_totales|gestion_precios=grupos_condiciones|generacion_contenido=texto|automatizacion=programada|precio_mensual=precio_450000","precio_mensual","precio_450000"
"gestion_marketing",2,2,"A","bi_analisis=prescriptivo|prediccion_demanda=por_producto|gestion_precios=no_incluida|generacion_contenido=no_incluida|automatizacion=a_solicitud|precio_mensual=precio_450000","bi_analisis","prescriptivo"
"gestion_marketing",2,2,"A","bi_analisis=prescriptivo|prediccion_demanda=por_producto|gestion_precios=no_incluida|generacion_contenido=no_incluida|automatizacion=a_solicitud|precio_mensual=precio_450000","prediccion_demanda","por_producto"
"gestion_marketing",2,2,"A","bi_analisis=prescriptivo|prediccion_demanda=por_producto|gestion_precios=no_incluida|generacion_contenido=no_incluida|automatizacion=a_solicitud|precio_mensual=precio_450000","gestion_precios","no_incluida"
"gestion_marketing",2,2,"A","bi_analisis=prescriptivo|prediccion_demanda=por_producto|gestion_precios=no_incluida|generacion_contenido=no_incluida|automatizacion=a_solicitud|precio_mensual=precio_450000","generacion_contenido","no_incluida"
"gestion_marketing",2,2,"A","bi_analisis=prescriptivo|prediccion_demanda=por_producto|gestion_precios=no_incluida|generacion_contenido=no_incluida|automatizacion=a_solicitud|precio_mensual=precio_450000","automatizacion","a_solicitud"
"gestion_marketing",2,2,"A","bi_analisis=prescriptivo|prediccion_demanda=por_producto|gestion_precios=no_incluida|generacion_contenido=no_incluida|automatizacion=a_solicitud|precio_mensual=precio_450000","precio_mensual","precio_450000"
"gestion_marketing",2,2,"B","bi_analisis=descriptivo|prediccion_demanda=no_incluida|gestion_precios=precio_individualizado|generacion_contenido=imagenes|automatizacion=programada|precio_mensual=precio_40000","bi_analisis","descriptivo"
"gestion_marketing",2,2,"B","bi_analisis=descriptivo|prediccion_demanda=no_incluida|gestion_precios=precio_individualizado|generacion_contenido=imagenes|automatizacion=programada|precio_mensual=precio_40000","prediccion_demanda","no_incluida"
"gestion_marketing",2,2,"B","bi_analisis=descriptivo|prediccion_demanda=no_incluida|gestion_precios=precio_individualizado|generacion_contenido=imagenes|automatizacion=programada|precio_mensual=precio_40000","gestion_precios","precio_individualizado"
"gestion_marketing",2,2,"B","bi_analisis=descriptivo|prediccion_demanda=no_incluida|gestion_precios=precio_individualizado|generacion_contenido=imagenes|automatizacion=programada|precio_mensual=precio_40000","generacion_contenido","imagenes"
"gestion_marketing",2,2,"B","bi_analisis=descriptivo|prediccion_demanda=no_incluida|gestion_precios=precio_individualizado|generacion_contenido=imagenes|automatizacion=programada|precio_mensual=precio_40000","automatizacion","programada"
"gestion_marketing",2,2,"B","bi_analisis=descriptivo|prediccion_demanda=no_incluida|gestion_precios=precio_individualizado|generacion_contenido=imagenes|automatizacion=programada|precio_mensual=precio_40000","precio_mensual","precio_40000"
"gestion_marketing",2,3,"A","bi_analisis=analitico|prediccion_demanda=por_categoria|gestion_precios=precio_individualizado|generacion_contenido=texto|automatizacion=a_solicitud|precio_mensual=precio_40000","bi_analisis","analitico"
"gestion_marketing",2,3,"A","bi_analisis=analitico|prediccion_demanda=por_categoria|gestion_precios=precio_individualizado|generacion_contenido=texto|automatizacion=a_solicitud|precio_mensual=precio_40000","prediccion_demanda","por_categoria"
"gestion_marketing",2,3,"A","bi_analisis=analitico|prediccion_demanda=por_categoria|gestion_precios=precio_individualizado|generacion_contenido=texto|automatizacion=a_solicitud|precio_mensual=precio_40000","gestion_precios","precio_individualizado"
"gestion_marketing",2,3,"A","bi_analisis=analitico|prediccion_demanda=por_categoria|gestion_precios=precio_individualizado|generacion_contenido=texto|automatizacion=a_solicitud|precio_mensual=precio_40000","generacion_contenido","texto"
"gestion_marketing",2,3,"A","bi_analisis=analitico|prediccion_demanda=por_categoria|gestion_precios=precio_individualizado|generacion_contenido=texto|automatizacion=a_solicitud|precio_mensual=precio_40000","automatizacion","a_solicitud"
"gestion_marketing",2,3,"A","bi_analisis=analitico|prediccion_demanda=por_categoria|gestion_precios=precio_individualizado|generacion_contenido=texto|automatizacion=a_solicitud|precio_mensual=precio_40000","precio_mensual","precio_40000"
"gestion_marketing",2,3,"B","bi_analisis=no_incluido|prediccion_demanda=ventas_totales|gestion_precios=precio_general|generacion_contenido=texto_imagenes|automatizacion=eventos|precio_mensual=precio_450000","bi_analisis","no_incluido"
"gestion_marketing",2,3,"B","bi_analisis=no_incluido|prediccion_demanda=ventas_totales|gestion_precios=precio_general|generacion_contenido=texto_imagenes|automatizacion=eventos|precio_mensual=precio_450000","prediccion_demanda","ventas_totales"
"gestion_marketing",2,3,"B","bi_analisis=no_incluido|prediccion_demanda=ventas_totales|gestion_precios=precio_general|generacion_contenido=texto_imagenes|automatizacion=eventos|precio_mensual=precio_450000","gestion_precios","precio_general"
"gestion_marketing",2,3,"B","bi_analisis=no_incluido|prediccion_demanda=ventas_totales|gestion_precios=precio_general|generacion_contenido=texto_imagenes|automatizacion=eventos|precio_mensual=precio_450000","generacion_contenido","texto_imagenes"
"gestion_marketing",2,3,"B","bi_analisis=no_incluido|prediccion_demanda=ventas_totales|gestion_precios=precio_general|generacion_contenido=texto_imagenes|automatizacion=eventos|precio_mensual=precio_450000","automatizacion","eventos"
"gestion_marketing",2,3,"B","bi_analisis=no_incluido|prediccion_demanda=ventas_totales|gestion_precios=precio_general|generacion_contenido=texto_imagenes|automatizacion=eventos|precio_mensual=precio_450000","precio_mensual","precio_450000"
"gestion_marketing",2,4,"A","bi_analisis=no_incluido|prediccion_demanda=por_categoria|gestion_precios=grupos_condiciones|generacion_contenido=imagenes|automatizacion=programada|precio_mensual=precio_40000","bi_analisis","no_incluido"
"gestion_marketing",2,4,"A","bi_analisis=no_incluido|prediccion_demanda=por_categoria|gestion_precios=grupos_condiciones|generacion_contenido=imagenes|automatizacion=programada|precio_mensual=precio_40000","prediccion_demanda","por_categoria"
"gestion_marketing",2,4,"A","bi_analisis=no_incluido|prediccion_demanda=por_categoria|gestion_precios=grupos_condiciones|generacion_contenido=imagenes|automatizacion=programada|precio_mensual=precio_40000","gestion_precios","grupos_condiciones"
"gestion_marketing",2,4,"A","bi_analisis=no_incluido|prediccion_demanda=por_categoria|gestion_precios=grupos_condiciones|generacion_contenido=imagenes|automatizacion=programada|precio_mensual=precio_40000","generacion_contenido","imagenes"
"gestion_marketing",2,4,"A","bi_analisis=no_incluido|prediccion_demanda=por_categoria|gestion_precios=grupos_condiciones|generacion_contenido=imagenes|automatizacion=programada|precio_mensual=precio_40000","automatizacion","programada"
"gestion_marketing",2,4,"A","bi_analisis=no_incluido|prediccion_demanda=por_categoria|gestion_precios=grupos_condiciones|generacion_contenido=imagenes|automatizacion=programada|precio_mensual=precio_40000","precio_mensual","precio_40000"
"gestion_marketing",2,4,"B","bi_analisis=descriptivo|prediccion_demanda=no_incluida|gestion_precios=precio_general|generacion_contenido=texto_imagenes|automatizacion=a_solicitud|precio_mensual=precio_450000","bi_analisis","descriptivo"
"gestion_marketing",2,4,"B","bi_analisis=descriptivo|prediccion_demanda=no_incluida|gestion_precios=precio_general|generacion_contenido=texto_imagenes|automatizacion=a_solicitud|precio_mensual=precio_450000","prediccion_demanda","no_incluida"
"gestion_marketing",2,4,"B","bi_analisis=descriptivo|prediccion_demanda=no_incluida|gestion_precios=precio_general|generacion_contenido=texto_imagenes|automatizacion=a_solicitud|precio_mensual=precio_450000","gestion_precios","precio_general"
"gestion_marketing",2,4,"B","bi_analisis=descriptivo|prediccion_demanda=no_incluida|gestion_precios=precio_general|generacion_contenido=texto_imagenes|automatizacion=a_solicitud|precio_mensual=precio_450000","generacion_contenido","texto_imagenes"
"gestion_marketing",2,4,"B","bi_analisis=descriptivo|prediccion_demanda=no_incluida|gestion_precios=precio_general|generacion_contenido=texto_imagenes|automatizacion=a_solicitud|precio_mensual=precio_450000","automatizacion","a_solicitud"
"gestion_marketing",2,4,"B","bi_analisis=descriptivo|prediccion_demanda=no_incluida|gestion_precios=precio_general|generacion_contenido=texto_imagenes|automatizacion=a_solicitud|precio_mensual=precio_450000","precio_mensual","precio_450000"
"gestion_marketing",3,1,"A","bi_analisis=descriptivo|prediccion_demanda=por_categoria|gestion_precios=precio_general|generacion_contenido=texto|automatizacion=eventos|precio_mensual=precio_40000","bi_analisis","descriptivo"
"gestion_marketing",3,1,"A","bi_analisis=descriptivo|prediccion_demanda=por_categoria|gestion_precios=precio_general|generacion_contenido=texto|automatizacion=eventos|precio_mensual=precio_40000","prediccion_demanda","por_categoria"
"gestion_marketing",3,1,"A","bi_analisis=descriptivo|prediccion_demanda=por_categoria|gestion_precios=precio_general|generacion_contenido=texto|automatizacion=eventos|precio_mensual=precio_40000","gestion_precios","precio_general"
"gestion_marketing",3,1,"A","bi_analisis=descriptivo|prediccion_demanda=por_categoria|gestion_precios=precio_general|generacion_contenido=texto|automatizacion=eventos|precio_mensual=precio_40000","generacion_contenido","texto"
"gestion_marketing",3,1,"A","bi_analisis=descriptivo|prediccion_demanda=por_categoria|gestion_precios=precio_general|generacion_contenido=texto|automatizacion=eventos|precio_mensual=precio_40000","automatizacion","eventos"
"gestion_marketing",3,1,"A","bi_analisis=descriptivo|prediccion_demanda=por_categoria|gestion_precios=precio_general|generacion_contenido=texto|automatizacion=eventos|precio_mensual=precio_40000","precio_mensual","precio_40000"
"gestion_marketing",3,1,"B","bi_analisis=analitico|prediccion_demanda=no_incluida|gestion_precios=grupos_condiciones|generacion_contenido=no_incluida|automatizacion=programada|precio_mensual=precio_450000","bi_analisis","analitico"
"gestion_marketing",3,1,"B","bi_analisis=analitico|prediccion_demanda=no_incluida|gestion_precios=grupos_condiciones|generacion_contenido=no_incluida|automatizacion=programada|precio_mensual=precio_450000","prediccion_demanda","no_incluida"
"gestion_marketing",3,1,"B","bi_analisis=analitico|prediccion_demanda=no_incluida|gestion_precios=grupos_condiciones|generacion_contenido=no_incluida|automatizacion=programada|precio_mensual=precio_450000","gestion_precios","grupos_condiciones"
"gestion_marketing",3,1,"B","bi_analisis=analitico|prediccion_demanda=no_incluida|gestion_precios=grupos_condiciones|generacion_contenido=no_incluida|automatizacion=programada|precio_mensual=precio_450000","generacion_contenido","no_incluida"
"gestion_marketing",3,1,"B","bi_analisis=analitico|prediccion_demanda=no_incluida|gestion_precios=grupos_condiciones|generacion_contenido=no_incluida|automatizacion=programada|precio_mensual=precio_450000","automatizacion","programada"
"gestion_marketing",3,1,"B","bi_analisis=analitico|prediccion_demanda=no_incluida|gestion_precios=grupos_condiciones|generacion_contenido=no_incluida|automatizacion=programada|precio_mensual=precio_450000","precio_mensual","precio_450000"
"gestion_marketing",3,2,"A","bi_analisis=descriptivo|prediccion_demanda=por_categoria|gestion_precios=precio_general|generacion_contenido=no_incluida|automatizacion=a_solicitud|precio_mensual=precio_40000","bi_analisis","descriptivo"
"gestion_marketing",3,2,"A","bi_analisis=descriptivo|prediccion_demanda=por_categoria|gestion_precios=precio_general|generacion_contenido=no_incluida|automatizacion=a_solicitud|precio_mensual=precio_40000","prediccion_demanda","por_categoria"
"gestion_marketing",3,2,"A","bi_analisis=descriptivo|prediccion_demanda=por_categoria|gestion_precios=precio_general|generacion_contenido=no_incluida|automatizacion=a_solicitud|precio_mensual=precio_40000","gestion_precios","precio_general"
"gestion_marketing",3,2,"A","bi_analisis=descriptivo|prediccion_demanda=por_categoria|gestion_precios=precio_general|generacion_contenido=no_incluida|automatizacion=a_solicitud|precio_mensual=precio_40000","generacion_contenido","no_incluida"
"gestion_marketing",3,2,"A","bi_analisis=descriptivo|prediccion_demanda=por_categoria|gestion_precios=precio_general|generacion_contenido=no_incluida|automatizacion=a_solicitud|precio_mensual=precio_40000","automatizacion","a_solicitud"
"gestion_marketing",3,2,"A","bi_analisis=descriptivo|prediccion_demanda=por_categoria|gestion_precios=precio_general|generacion_contenido=no_incluida|automatizacion=a_solicitud|precio_mensual=precio_40000","precio_mensual","precio_40000"
"gestion_marketing",3,2,"B","bi_analisis=prescriptivo|prediccion_demanda=no_incluida|gestion_precios=precio_individualizado|generacion_contenido=texto|automatizacion=eventos|precio_mensual=precio_450000","bi_analisis","prescriptivo"
"gestion_marketing",3,2,"B","bi_analisis=prescriptivo|prediccion_demanda=no_incluida|gestion_precios=precio_individualizado|generacion_contenido=texto|automatizacion=eventos|precio_mensual=precio_450000","prediccion_demanda","no_incluida"
"gestion_marketing",3,2,"B","bi_analisis=prescriptivo|prediccion_demanda=no_incluida|gestion_precios=precio_individualizado|generacion_contenido=texto|automatizacion=eventos|precio_mensual=precio_450000","gestion_precios","precio_individualizado"
"gestion_marketing",3,2,"B","bi_analisis=prescriptivo|prediccion_demanda=no_incluida|gestion_precios=precio_individualizado|generacion_contenido=texto|automatizacion=eventos|precio_mensual=precio_450000","generacion_contenido","texto"
"gestion_marketing",3,2,"B","bi_analisis=prescriptivo|prediccion_demanda=no_incluida|gestion_precios=precio_individualizado|generacion_contenido=texto|automatizacion=eventos|precio_mensual=precio_450000","automatizacion","eventos"
"gestion_marketing",3,2,"B","bi_analisis=prescriptivo|prediccion_demanda=no_incluida|gestion_precios=precio_individualizado|generacion_contenido=texto|automatizacion=eventos|precio_mensual=precio_450000","precio_mensual","precio_450000"
"gestion_marketing",3,3,"A","bi_analisis=prescriptivo|prediccion_demanda=por_categoria|gestion_precios=precio_general|generacion_contenido=imagenes|automatizacion=programada|precio_mensual=precio_450000","bi_analisis","prescriptivo"
"gestion_marketing",3,3,"A","bi_analisis=prescriptivo|prediccion_demanda=por_categoria|gestion_precios=precio_general|generacion_contenido=imagenes|automatizacion=programada|precio_mensual=precio_450000","prediccion_demanda","por_categoria"
"gestion_marketing",3,3,"A","bi_analisis=prescriptivo|prediccion_demanda=por_categoria|gestion_precios=precio_general|generacion_contenido=imagenes|automatizacion=programada|precio_mensual=precio_450000","gestion_precios","precio_general"
"gestion_marketing",3,3,"A","bi_analisis=prescriptivo|prediccion_demanda=por_categoria|gestion_precios=precio_general|generacion_contenido=imagenes|automatizacion=programada|precio_mensual=precio_450000","generacion_contenido","imagenes"
"gestion_marketing",3,3,"A","bi_analisis=prescriptivo|prediccion_demanda=por_categoria|gestion_precios=precio_general|generacion_contenido=imagenes|automatizacion=programada|precio_mensual=precio_450000","automatizacion","programada"
"gestion_marketing",3,3,"A","bi_analisis=prescriptivo|prediccion_demanda=por_categoria|gestion_precios=precio_general|generacion_contenido=imagenes|automatizacion=programada|precio_mensual=precio_450000","precio_mensual","precio_450000"
"gestion_marketing",3,3,"B","bi_analisis=no_incluido|prediccion_demanda=por_producto|gestion_precios=precio_individualizado|generacion_contenido=no_incluida|automatizacion=eventos|precio_mensual=precio_40000","bi_analisis","no_incluido"
"gestion_marketing",3,3,"B","bi_analisis=no_incluido|prediccion_demanda=por_producto|gestion_precios=precio_individualizado|generacion_contenido=no_incluida|automatizacion=eventos|precio_mensual=precio_40000","prediccion_demanda","por_producto"
"gestion_marketing",3,3,"B","bi_analisis=no_incluido|prediccion_demanda=por_producto|gestion_precios=precio_individualizado|generacion_contenido=no_incluida|automatizacion=eventos|precio_mensual=precio_40000","gestion_precios","precio_individualizado"
"gestion_marketing",3,3,"B","bi_analisis=no_incluido|prediccion_demanda=por_producto|gestion_precios=precio_individualizado|generacion_contenido=no_incluida|automatizacion=eventos|precio_mensual=precio_40000","generacion_contenido","no_incluida"
"gestion_marketing",3,3,"B","bi_analisis=no_incluido|prediccion_demanda=por_producto|gestion_precios=precio_individualizado|generacion_contenido=no_incluida|automatizacion=eventos|precio_mensual=precio_40000","automatizacion","eventos"
"gestion_marketing",3,3,"B","bi_analisis=no_incluido|prediccion_demanda=por_producto|gestion_precios=precio_individualizado|generacion_contenido=no_incluida|automatizacion=eventos|precio_mensual=precio_40000","precio_mensual","precio_40000"
"gestion_marketing",3,4,"A","bi_analisis=descriptivo|prediccion_demanda=por_producto|gestion_precios=grupos_condiciones|generacion_contenido=imagenes|automatizacion=a_solicitud|precio_mensual=precio_450000","bi_analisis","descriptivo"
"gestion_marketing",3,4,"A","bi_analisis=descriptivo|prediccion_demanda=por_producto|gestion_precios=grupos_condiciones|generacion_contenido=imagenes|automatizacion=a_solicitud|precio_mensual=precio_450000","prediccion_demanda","por_producto"
"gestion_marketing",3,4,"A","bi_analisis=descriptivo|prediccion_demanda=por_producto|gestion_precios=grupos_condiciones|generacion_contenido=imagenes|automatizacion=a_solicitud|precio_mensual=precio_450000","gestion_precios","grupos_condiciones"
"gestion_marketing",3,4,"A","bi_analisis=descriptivo|prediccion_demanda=por_producto|gestion_precios=grupos_condiciones|generacion_contenido=imagenes|automatizacion=a_solicitud|precio_mensual=precio_450000","generacion_contenido","imagenes"
"gestion_marketing",3,4,"A","bi_analisis=descriptivo|prediccion_demanda=por_producto|gestion_precios=grupos_condiciones|generacion_contenido=imagenes|automatizacion=a_solicitud|precio_mensual=precio_450000","automatizacion","a_solicitud"
"gestion_marketing",3,4,"A","bi_analisis=descriptivo|prediccion_demanda=por_producto|gestion_precios=grupos_condiciones|generacion_contenido=imagenes|automatizacion=a_solicitud|precio_mensual=precio_450000","precio_mensual","precio_450000"
"gestion_marketing",3,4,"B","bi_analisis=analitico|prediccion_demanda=ventas_totales|gestion_precios=no_incluida|generacion_contenido=texto_imagenes|automatizacion=programada|precio_mensual=precio_40000","bi_analisis","analitico"
"gestion_marketing",3,4,"B","bi_analisis=analitico|prediccion_demanda=ventas_totales|gestion_precios=no_incluida|generacion_contenido=texto_imagenes|automatizacion=programada|precio_mensual=precio_40000","prediccion_demanda","ventas_totales"
"gestion_marketing",3,4,"B","bi_analisis=analitico|prediccion_demanda=ventas_totales|gestion_precios=no_incluida|generacion_contenido=texto_imagenes|automatizacion=programada|precio_mensual=precio_40000","gestion_precios","no_incluida"
"gestion_marketing",3,4,"B","bi_analisis=analitico|prediccion_demanda=ventas_totales|gestion_precios=no_incluida|generacion_contenido=texto_imagenes|automatizacion=programada|precio_mensual=precio_40000","generacion_contenido","texto_imagenes"
"gestion_marketing",3,4,"B","bi_analisis=analitico|prediccion_demanda=ventas_totales|gestion_precios=no_incluida|generacion_contenido=texto_imagenes|automatizacion=programada|precio_mensual=precio_40000","automatizacion","programada"
"gestion_marketing",3,4,"B","bi_analisis=analitico|prediccion_demanda=ventas_totales|gestion_precios=no_incluida|generacion_contenido=texto_imagenes|automatizacion=programada|precio_mensual=precio_40000","precio_mensual","precio_40000"
"gestion_marketing",4,1,"A","bi_analisis=analitico|prediccion_demanda=por_producto|gestion_precios=precio_general|generacion_contenido=texto|automatizacion=programada|precio_mensual=precio_450000","bi_analisis","analitico"
"gestion_marketing",4,1,"A","bi_analisis=analitico|prediccion_demanda=por_producto|gestion_precios=precio_general|generacion_contenido=texto|automatizacion=programada|precio_mensual=precio_450000","prediccion_demanda","por_producto"
"gestion_marketing",4,1,"A","bi_analisis=analitico|prediccion_demanda=por_producto|gestion_precios=precio_general|generacion_contenido=texto|automatizacion=programada|precio_mensual=precio_450000","gestion_precios","precio_general"
"gestion_marketing",4,1,"A","bi_analisis=analitico|prediccion_demanda=por_producto|gestion_precios=precio_general|generacion_contenido=texto|automatizacion=programada|precio_mensual=precio_450000","generacion_contenido","texto"
"gestion_marketing",4,1,"A","bi_analisis=analitico|prediccion_demanda=por_producto|gestion_precios=precio_general|generacion_contenido=texto|automatizacion=programada|precio_mensual=precio_450000","automatizacion","programada"
"gestion_marketing",4,1,"A","bi_analisis=analitico|prediccion_demanda=por_producto|gestion_precios=precio_general|generacion_contenido=texto|automatizacion=programada|precio_mensual=precio_450000","precio_mensual","precio_450000"
"gestion_marketing",4,1,"B","bi_analisis=prescriptivo|prediccion_demanda=por_categoria|gestion_precios=precio_individualizado|generacion_contenido=texto_imagenes|automatizacion=a_solicitud|precio_mensual=precio_40000","bi_analisis","prescriptivo"
"gestion_marketing",4,1,"B","bi_analisis=prescriptivo|prediccion_demanda=por_categoria|gestion_precios=precio_individualizado|generacion_contenido=texto_imagenes|automatizacion=a_solicitud|precio_mensual=precio_40000","prediccion_demanda","por_categoria"
"gestion_marketing",4,1,"B","bi_analisis=prescriptivo|prediccion_demanda=por_categoria|gestion_precios=precio_individualizado|generacion_contenido=texto_imagenes|automatizacion=a_solicitud|precio_mensual=precio_40000","gestion_precios","precio_individualizado"
"gestion_marketing",4,1,"B","bi_analisis=prescriptivo|prediccion_demanda=por_categoria|gestion_precios=precio_individualizado|generacion_contenido=texto_imagenes|automatizacion=a_solicitud|precio_mensual=precio_40000","generacion_contenido","texto_imagenes"
"gestion_marketing",4,1,"B","bi_analisis=prescriptivo|prediccion_demanda=por_categoria|gestion_precios=precio_individualizado|generacion_contenido=texto_imagenes|automatizacion=a_solicitud|precio_mensual=precio_40000","automatizacion","a_solicitud"
"gestion_marketing",4,1,"B","bi_analisis=prescriptivo|prediccion_demanda=por_categoria|gestion_precios=precio_individualizado|generacion_contenido=texto_imagenes|automatizacion=a_solicitud|precio_mensual=precio_40000","precio_mensual","precio_40000"
"gestion_marketing",4,2,"A","bi_analisis=no_incluido|prediccion_demanda=no_incluida|gestion_precios=no_incluida|generacion_contenido=imagenes|automatizacion=a_solicitud|precio_mensual=precio_450000","bi_analisis","no_incluido"
"gestion_marketing",4,2,"A","bi_analisis=no_incluido|prediccion_demanda=no_incluida|gestion_precios=no_incluida|generacion_contenido=imagenes|automatizacion=a_solicitud|precio_mensual=precio_450000","prediccion_demanda","no_incluida"
"gestion_marketing",4,2,"A","bi_analisis=no_incluido|prediccion_demanda=no_incluida|gestion_precios=no_incluida|generacion_contenido=imagenes|automatizacion=a_solicitud|precio_mensual=precio_450000","gestion_precios","no_incluida"
"gestion_marketing",4,2,"A","bi_analisis=no_incluido|prediccion_demanda=no_incluida|gestion_precios=no_incluida|generacion_contenido=imagenes|automatizacion=a_solicitud|precio_mensual=precio_450000","generacion_contenido","imagenes"
"gestion_marketing",4,2,"A","bi_analisis=no_incluido|prediccion_demanda=no_incluida|gestion_precios=no_incluida|generacion_contenido=imagenes|automatizacion=a_solicitud|precio_mensual=precio_450000","automatizacion","a_solicitud"
"gestion_marketing",4,2,"A","bi_analisis=no_incluido|prediccion_demanda=no_incluida|gestion_precios=no_incluida|generacion_contenido=imagenes|automatizacion=a_solicitud|precio_mensual=precio_450000","precio_mensual","precio_450000"
"gestion_marketing",4,2,"B","bi_analisis=prescriptivo|prediccion_demanda=por_producto|gestion_precios=grupos_condiciones|generacion_contenido=texto_imagenes|automatizacion=programada|precio_mensual=precio_40000","bi_analisis","prescriptivo"
"gestion_marketing",4,2,"B","bi_analisis=prescriptivo|prediccion_demanda=por_producto|gestion_precios=grupos_condiciones|generacion_contenido=texto_imagenes|automatizacion=programada|precio_mensual=precio_40000","prediccion_demanda","por_producto"
"gestion_marketing",4,2,"B","bi_analisis=prescriptivo|prediccion_demanda=por_producto|gestion_precios=grupos_condiciones|generacion_contenido=texto_imagenes|automatizacion=programada|precio_mensual=precio_40000","gestion_precios","grupos_condiciones"
"gestion_marketing",4,2,"B","bi_analisis=prescriptivo|prediccion_demanda=por_producto|gestion_precios=grupos_condiciones|generacion_contenido=texto_imagenes|automatizacion=programada|precio_mensual=precio_40000","generacion_contenido","texto_imagenes"
"gestion_marketing",4,2,"B","bi_analisis=prescriptivo|prediccion_demanda=por_producto|gestion_precios=grupos_condiciones|generacion_contenido=texto_imagenes|automatizacion=programada|precio_mensual=precio_40000","automatizacion","programada"
"gestion_marketing",4,2,"B","bi_analisis=prescriptivo|prediccion_demanda=por_producto|gestion_precios=grupos_condiciones|generacion_contenido=texto_imagenes|automatizacion=programada|precio_mensual=precio_40000","precio_mensual","precio_40000"
"gestion_marketing",4,3,"A","bi_analisis=descriptivo|prediccion_demanda=no_incluida|gestion_precios=no_incluida|generacion_contenido=no_incluida|automatizacion=eventos|precio_mensual=precio_40000","bi_analisis","descriptivo"
"gestion_marketing",4,3,"A","bi_analisis=descriptivo|prediccion_demanda=no_incluida|gestion_precios=no_incluida|generacion_contenido=no_incluida|automatizacion=eventos|precio_mensual=precio_40000","prediccion_demanda","no_incluida"
"gestion_marketing",4,3,"A","bi_analisis=descriptivo|prediccion_demanda=no_incluida|gestion_precios=no_incluida|generacion_contenido=no_incluida|automatizacion=eventos|precio_mensual=precio_40000","gestion_precios","no_incluida"
"gestion_marketing",4,3,"A","bi_analisis=descriptivo|prediccion_demanda=no_incluida|gestion_precios=no_incluida|generacion_contenido=no_incluida|automatizacion=eventos|precio_mensual=precio_40000","generacion_contenido","no_incluida"
"gestion_marketing",4,3,"A","bi_analisis=descriptivo|prediccion_demanda=no_incluida|gestion_precios=no_incluida|generacion_contenido=no_incluida|automatizacion=eventos|precio_mensual=precio_40000","automatizacion","eventos"
"gestion_marketing",4,3,"A","bi_analisis=descriptivo|prediccion_demanda=no_incluida|gestion_precios=no_incluida|generacion_contenido=no_incluida|automatizacion=eventos|precio_mensual=precio_40000","precio_mensual","precio_40000"
"gestion_marketing",4,3,"B","bi_analisis=no_incluido|prediccion_demanda=ventas_totales|gestion_precios=precio_individualizado|generacion_contenido=texto|automatizacion=a_solicitud|precio_mensual=precio_450000","bi_analisis","no_incluido"
"gestion_marketing",4,3,"B","bi_analisis=no_incluido|prediccion_demanda=ventas_totales|gestion_precios=precio_individualizado|generacion_contenido=texto|automatizacion=a_solicitud|precio_mensual=precio_450000","prediccion_demanda","ventas_totales"
"gestion_marketing",4,3,"B","bi_analisis=no_incluido|prediccion_demanda=ventas_totales|gestion_precios=precio_individualizado|generacion_contenido=texto|automatizacion=a_solicitud|precio_mensual=precio_450000","gestion_precios","precio_individualizado"
"gestion_marketing",4,3,"B","bi_analisis=no_incluido|prediccion_demanda=ventas_totales|gestion_precios=precio_individualizado|generacion_contenido=texto|automatizacion=a_solicitud|precio_mensual=precio_450000","generacion_contenido","texto"
"gestion_marketing",4,3,"B","bi_analisis=no_incluido|prediccion_demanda=ventas_totales|gestion_precios=precio_individualizado|generacion_contenido=texto|automatizacion=a_solicitud|precio_mensual=precio_450000","automatizacion","a_solicitud"
"gestion_marketing",4,3,"B","bi_analisis=no_incluido|prediccion_demanda=ventas_totales|gestion_precios=precio_individualizado|generacion_contenido=texto|automatizacion=a_solicitud|precio_mensual=precio_450000","precio_mensual","precio_450000"
"gestion_marketing",4,4,"A","bi_analisis=analitico|prediccion_demanda=por_categoria|gestion_precios=grupos_condiciones|generacion_contenido=texto_imagenes|automatizacion=eventos|precio_mensual=precio_450000","bi_analisis","analitico"
"gestion_marketing",4,4,"A","bi_analisis=analitico|prediccion_demanda=por_categoria|gestion_precios=grupos_condiciones|generacion_contenido=texto_imagenes|automatizacion=eventos|precio_mensual=precio_450000","prediccion_demanda","por_categoria"
"gestion_marketing",4,4,"A","bi_analisis=analitico|prediccion_demanda=por_categoria|gestion_precios=grupos_condiciones|generacion_contenido=texto_imagenes|automatizacion=eventos|precio_mensual=precio_450000","gestion_precios","grupos_condiciones"
"gestion_marketing",4,4,"A","bi_analisis=analitico|prediccion_demanda=por_categoria|gestion_precios=grupos_condiciones|generacion_contenido=texto_imagenes|automatizacion=eventos|precio_mensual=precio_450000","generacion_contenido","texto_imagenes"
"gestion_marketing",4,4,"A","bi_analisis=analitico|prediccion_demanda=por_categoria|gestion_precios=grupos_condiciones|generacion_contenido=texto_imagenes|automatizacion=eventos|precio_mensual=precio_450000","automatizacion","eventos"
"gestion_marketing",4,4,"A","bi_analisis=analitico|prediccion_demanda=por_categoria|gestion_precios=grupos_condiciones|generacion_contenido=texto_imagenes|automatizacion=eventos|precio_mensual=precio_450000","precio_mensual","precio_450000"
"gestion_marketing",4,4,"B","bi_analisis=prescriptivo|prediccion_demanda=ventas_totales|gestion_precios=precio_general|generacion_contenido=no_incluida|automatizacion=programada|precio_mensual=precio_40000","bi_analisis","prescriptivo"
"gestion_marketing",4,4,"B","bi_analisis=prescriptivo|prediccion_demanda=ventas_totales|gestion_precios=precio_general|generacion_contenido=no_incluida|automatizacion=programada|precio_mensual=precio_40000","prediccion_demanda","ventas_totales"
"gestion_marketing",4,4,"B","bi_analisis=prescriptivo|prediccion_demanda=ventas_totales|gestion_precios=precio_general|generacion_contenido=no_incluida|automatizacion=programada|precio_mensual=precio_40000","gestion_precios","precio_general"
"gestion_marketing",4,4,"B","bi_analisis=prescriptivo|prediccion_demanda=ventas_totales|gestion_precios=precio_general|generacion_contenido=no_incluida|automatizacion=programada|precio_mensual=precio_40000","generacion_contenido","no_incluida"
"gestion_marketing",4,4,"B","bi_analisis=prescriptivo|prediccion_demanda=ventas_totales|gestion_precios=precio_general|generacion_contenido=no_incluida|automatizacion=programada|precio_mensual=precio_40000","automatizacion","programada"
"gestion_marketing",4,4,"B","bi_analisis=prescriptivo|prediccion_demanda=ventas_totales|gestion_precios=precio_general|generacion_contenido=no_incluida|automatizacion=programada|precio_mensual=precio_40000","precio_mensual","precio_40000"
"atencion_cliente",1,1,"A","autonomia=responde_consultas|canales_digitales=chat_web|atencion_telefonica=no_incluida|integracion=consulta_actualizacion|continuidad_humana=transferencia_contexto|precio_mensual=precio_50000","autonomia","responde_consultas"
"atencion_cliente",1,1,"A","autonomia=responde_consultas|canales_digitales=chat_web|atencion_telefonica=no_incluida|integracion=consulta_actualizacion|continuidad_humana=transferencia_contexto|precio_mensual=precio_50000","canales_digitales","chat_web"
"atencion_cliente",1,1,"A","autonomia=responde_consultas|canales_digitales=chat_web|atencion_telefonica=no_incluida|integracion=consulta_actualizacion|continuidad_humana=transferencia_contexto|precio_mensual=precio_50000","atencion_telefonica","no_incluida"
"atencion_cliente",1,1,"A","autonomia=responde_consultas|canales_digitales=chat_web|atencion_telefonica=no_incluida|integracion=consulta_actualizacion|continuidad_humana=transferencia_contexto|precio_mensual=precio_50000","integracion","consulta_actualizacion"
"atencion_cliente",1,1,"A","autonomia=responde_consultas|canales_digitales=chat_web|atencion_telefonica=no_incluida|integracion=consulta_actualizacion|continuidad_humana=transferencia_contexto|precio_mensual=precio_50000","continuidad_humana","transferencia_contexto"
"atencion_cliente",1,1,"A","autonomia=responde_consultas|canales_digitales=chat_web|atencion_telefonica=no_incluida|integracion=consulta_actualizacion|continuidad_humana=transferencia_contexto|precio_mensual=precio_50000","precio_mensual","precio_50000"
"atencion_cliente",1,1,"B","autonomia=guia_paso_a_paso|canales_digitales=mensajeria|atencion_telefonica=incluida|integracion=consulta|continuidad_humana=sin_transferencia|precio_mensual=precio_350000","autonomia","guia_paso_a_paso"
"atencion_cliente",1,1,"B","autonomia=guia_paso_a_paso|canales_digitales=mensajeria|atencion_telefonica=incluida|integracion=consulta|continuidad_humana=sin_transferencia|precio_mensual=precio_350000","canales_digitales","mensajeria"
"atencion_cliente",1,1,"B","autonomia=guia_paso_a_paso|canales_digitales=mensajeria|atencion_telefonica=incluida|integracion=consulta|continuidad_humana=sin_transferencia|precio_mensual=precio_350000","atencion_telefonica","incluida"
"atencion_cliente",1,1,"B","autonomia=guia_paso_a_paso|canales_digitales=mensajeria|atencion_telefonica=incluida|integracion=consulta|continuidad_humana=sin_transferencia|precio_mensual=precio_350000","integracion","consulta"
"atencion_cliente",1,1,"B","autonomia=guia_paso_a_paso|canales_digitales=mensajeria|atencion_telefonica=incluida|integracion=consulta|continuidad_humana=sin_transferencia|precio_mensual=precio_350000","continuidad_humana","sin_transferencia"
"atencion_cliente",1,1,"B","autonomia=guia_paso_a_paso|canales_digitales=mensajeria|atencion_telefonica=incluida|integracion=consulta|continuidad_humana=sin_transferencia|precio_mensual=precio_350000","precio_mensual","precio_350000"
"atencion_cliente",1,2,"A","autonomia=gestiona_solicitud|canales_digitales=chat_mensajeria|atencion_telefonica=no_incluida|integracion=sin_integracion|continuidad_humana=transferencia_contexto|precio_mensual=precio_50000","autonomia","gestiona_solicitud"
"atencion_cliente",1,2,"A","autonomia=gestiona_solicitud|canales_digitales=chat_mensajeria|atencion_telefonica=no_incluida|integracion=sin_integracion|continuidad_humana=transferencia_contexto|precio_mensual=precio_50000","canales_digitales","chat_mensajeria"
"atencion_cliente",1,2,"A","autonomia=gestiona_solicitud|canales_digitales=chat_mensajeria|atencion_telefonica=no_incluida|integracion=sin_integracion|continuidad_humana=transferencia_contexto|precio_mensual=precio_50000","atencion_telefonica","no_incluida"
"atencion_cliente",1,2,"A","autonomia=gestiona_solicitud|canales_digitales=chat_mensajeria|atencion_telefonica=no_incluida|integracion=sin_integracion|continuidad_humana=transferencia_contexto|precio_mensual=precio_50000","integracion","sin_integracion"
"atencion_cliente",1,2,"A","autonomia=gestiona_solicitud|canales_digitales=chat_mensajeria|atencion_telefonica=no_incluida|integracion=sin_integracion|continuidad_humana=transferencia_contexto|precio_mensual=precio_50000","continuidad_humana","transferencia_contexto"
"atencion_cliente",1,2,"A","autonomia=gestiona_solicitud|canales_digitales=chat_mensajeria|atencion_telefonica=no_incluida|integracion=sin_integracion|continuidad_humana=transferencia_contexto|precio_mensual=precio_50000","precio_mensual","precio_50000"
"atencion_cliente",1,2,"B","autonomia=responde_consultas|canales_digitales=mensajeria|atencion_telefonica=incluida|integracion=consulta_actualizacion|continuidad_humana=sin_transferencia|precio_mensual=precio_350000","autonomia","responde_consultas"
"atencion_cliente",1,2,"B","autonomia=responde_consultas|canales_digitales=mensajeria|atencion_telefonica=incluida|integracion=consulta_actualizacion|continuidad_humana=sin_transferencia|precio_mensual=precio_350000","canales_digitales","mensajeria"
"atencion_cliente",1,2,"B","autonomia=responde_consultas|canales_digitales=mensajeria|atencion_telefonica=incluida|integracion=consulta_actualizacion|continuidad_humana=sin_transferencia|precio_mensual=precio_350000","atencion_telefonica","incluida"
"atencion_cliente",1,2,"B","autonomia=responde_consultas|canales_digitales=mensajeria|atencion_telefonica=incluida|integracion=consulta_actualizacion|continuidad_humana=sin_transferencia|precio_mensual=precio_350000","integracion","consulta_actualizacion"
"atencion_cliente",1,2,"B","autonomia=responde_consultas|canales_digitales=mensajeria|atencion_telefonica=incluida|integracion=consulta_actualizacion|continuidad_humana=sin_transferencia|precio_mensual=precio_350000","continuidad_humana","sin_transferencia"
"atencion_cliente",1,2,"B","autonomia=responde_consultas|canales_digitales=mensajeria|atencion_telefonica=incluida|integracion=consulta_actualizacion|continuidad_humana=sin_transferencia|precio_mensual=precio_350000","precio_mensual","precio_350000"
"atencion_cliente",1,3,"A","autonomia=gestiona_solicitud|canales_digitales=no_incluidos|atencion_telefonica=incluida|integracion=consulta|continuidad_humana=transferencia_contexto|precio_mensual=precio_350000","autonomia","gestiona_solicitud"
"atencion_cliente",1,3,"A","autonomia=gestiona_solicitud|canales_digitales=no_incluidos|atencion_telefonica=incluida|integracion=consulta|continuidad_humana=transferencia_contexto|precio_mensual=precio_350000","canales_digitales","no_incluidos"
"atencion_cliente",1,3,"A","autonomia=gestiona_solicitud|canales_digitales=no_incluidos|atencion_telefonica=incluida|integracion=consulta|continuidad_humana=transferencia_contexto|precio_mensual=precio_350000","atencion_telefonica","incluida"
"atencion_cliente",1,3,"A","autonomia=gestiona_solicitud|canales_digitales=no_incluidos|atencion_telefonica=incluida|integracion=consulta|continuidad_humana=transferencia_contexto|precio_mensual=precio_350000","integracion","consulta"
"atencion_cliente",1,3,"A","autonomia=gestiona_solicitud|canales_digitales=no_incluidos|atencion_telefonica=incluida|integracion=consulta|continuidad_humana=transferencia_contexto|precio_mensual=precio_350000","continuidad_humana","transferencia_contexto"
"atencion_cliente",1,3,"A","autonomia=gestiona_solicitud|canales_digitales=no_incluidos|atencion_telefonica=incluida|integracion=consulta|continuidad_humana=transferencia_contexto|precio_mensual=precio_350000","precio_mensual","precio_350000"
"atencion_cliente",1,3,"B","autonomia=responde_consultas|canales_digitales=mensajeria|atencion_telefonica=incluida|integracion=sin_integracion|continuidad_humana=sin_transferencia|precio_mensual=precio_50000","autonomia","responde_consultas"
"atencion_cliente",1,3,"B","autonomia=responde_consultas|canales_digitales=mensajeria|atencion_telefonica=incluida|integracion=sin_integracion|continuidad_humana=sin_transferencia|precio_mensual=precio_50000","canales_digitales","mensajeria"
"atencion_cliente",1,3,"B","autonomia=responde_consultas|canales_digitales=mensajeria|atencion_telefonica=incluida|integracion=sin_integracion|continuidad_humana=sin_transferencia|precio_mensual=precio_50000","atencion_telefonica","incluida"
"atencion_cliente",1,3,"B","autonomia=responde_consultas|canales_digitales=mensajeria|atencion_telefonica=incluida|integracion=sin_integracion|continuidad_humana=sin_transferencia|precio_mensual=precio_50000","integracion","sin_integracion"
"atencion_cliente",1,3,"B","autonomia=responde_consultas|canales_digitales=mensajeria|atencion_telefonica=incluida|integracion=sin_integracion|continuidad_humana=sin_transferencia|precio_mensual=precio_50000","continuidad_humana","sin_transferencia"
"atencion_cliente",1,3,"B","autonomia=responde_consultas|canales_digitales=mensajeria|atencion_telefonica=incluida|integracion=sin_integracion|continuidad_humana=sin_transferencia|precio_mensual=precio_50000","precio_mensual","precio_50000"
"atencion_cliente",1,4,"A","autonomia=guia_paso_a_paso|canales_digitales=no_incluidos|atencion_telefonica=incluida|integracion=sin_integracion|continuidad_humana=sin_transferencia|precio_mensual=precio_350000","autonomia","guia_paso_a_paso"
"atencion_cliente",1,4,"A","autonomia=guia_paso_a_paso|canales_digitales=no_incluidos|atencion_telefonica=incluida|integracion=sin_integracion|continuidad_humana=sin_transferencia|precio_mensual=precio_350000","canales_digitales","no_incluidos"
"atencion_cliente",1,4,"A","autonomia=guia_paso_a_paso|canales_digitales=no_incluidos|atencion_telefonica=incluida|integracion=sin_integracion|continuidad_humana=sin_transferencia|precio_mensual=precio_350000","atencion_telefonica","incluida"
"atencion_cliente",1,4,"A","autonomia=guia_paso_a_paso|canales_digitales=no_incluidos|atencion_telefonica=incluida|integracion=sin_integracion|continuidad_humana=sin_transferencia|precio_mensual=precio_350000","integracion","sin_integracion"
"atencion_cliente",1,4,"A","autonomia=guia_paso_a_paso|canales_digitales=no_incluidos|atencion_telefonica=incluida|integracion=sin_integracion|continuidad_humana=sin_transferencia|precio_mensual=precio_350000","continuidad_humana","sin_transferencia"
"atencion_cliente",1,4,"A","autonomia=guia_paso_a_paso|canales_digitales=no_incluidos|atencion_telefonica=incluida|integracion=sin_integracion|continuidad_humana=sin_transferencia|precio_mensual=precio_350000","precio_mensual","precio_350000"
"atencion_cliente",1,4,"B","autonomia=gestiona_solicitud|canales_digitales=chat_web|atencion_telefonica=no_incluida|integracion=consulta|continuidad_humana=transferencia_contexto|precio_mensual=precio_50000","autonomia","gestiona_solicitud"
"atencion_cliente",1,4,"B","autonomia=gestiona_solicitud|canales_digitales=chat_web|atencion_telefonica=no_incluida|integracion=consulta|continuidad_humana=transferencia_contexto|precio_mensual=precio_50000","canales_digitales","chat_web"
"atencion_cliente",1,4,"B","autonomia=gestiona_solicitud|canales_digitales=chat_web|atencion_telefonica=no_incluida|integracion=consulta|continuidad_humana=transferencia_contexto|precio_mensual=precio_50000","atencion_telefonica","no_incluida"
"atencion_cliente",1,4,"B","autonomia=gestiona_solicitud|canales_digitales=chat_web|atencion_telefonica=no_incluida|integracion=consulta|continuidad_humana=transferencia_contexto|precio_mensual=precio_50000","integracion","consulta"
"atencion_cliente",1,4,"B","autonomia=gestiona_solicitud|canales_digitales=chat_web|atencion_telefonica=no_incluida|integracion=consulta|continuidad_humana=transferencia_contexto|precio_mensual=precio_50000","continuidad_humana","transferencia_contexto"
"atencion_cliente",1,4,"B","autonomia=gestiona_solicitud|canales_digitales=chat_web|atencion_telefonica=no_incluida|integracion=consulta|continuidad_humana=transferencia_contexto|precio_mensual=precio_50000","precio_mensual","precio_50000"
"atencion_cliente",2,1,"A","autonomia=gestiona_solicitud|canales_digitales=mensajeria|atencion_telefonica=no_incluida|integracion=consulta_actualizacion|continuidad_humana=transferencia_contexto|precio_mensual=precio_350000","autonomia","gestiona_solicitud"
"atencion_cliente",2,1,"A","autonomia=gestiona_solicitud|canales_digitales=mensajeria|atencion_telefonica=no_incluida|integracion=consulta_actualizacion|continuidad_humana=transferencia_contexto|precio_mensual=precio_350000","canales_digitales","mensajeria"
"atencion_cliente",2,1,"A","autonomia=gestiona_solicitud|canales_digitales=mensajeria|atencion_telefonica=no_incluida|integracion=consulta_actualizacion|continuidad_humana=transferencia_contexto|precio_mensual=precio_350000","atencion_telefonica","no_incluida"
"atencion_cliente",2,1,"A","autonomia=gestiona_solicitud|canales_digitales=mensajeria|atencion_telefonica=no_incluida|integracion=consulta_actualizacion|continuidad_humana=transferencia_contexto|precio_mensual=precio_350000","integracion","consulta_actualizacion"
"atencion_cliente",2,1,"A","autonomia=gestiona_solicitud|canales_digitales=mensajeria|atencion_telefonica=no_incluida|integracion=consulta_actualizacion|continuidad_humana=transferencia_contexto|precio_mensual=precio_350000","continuidad_humana","transferencia_contexto"
"atencion_cliente",2,1,"A","autonomia=gestiona_solicitud|canales_digitales=mensajeria|atencion_telefonica=no_incluida|integracion=consulta_actualizacion|continuidad_humana=transferencia_contexto|precio_mensual=precio_350000","precio_mensual","precio_350000"
"atencion_cliente",2,1,"B","autonomia=guia_paso_a_paso|canales_digitales=chat_mensajeria|atencion_telefonica=incluida|integracion=consulta|continuidad_humana=sin_transferencia|precio_mensual=precio_50000","autonomia","guia_paso_a_paso"
"atencion_cliente",2,1,"B","autonomia=guia_paso_a_paso|canales_digitales=chat_mensajeria|atencion_telefonica=incluida|integracion=consulta|continuidad_humana=sin_transferencia|precio_mensual=precio_50000","canales_digitales","chat_mensajeria"
"atencion_cliente",2,1,"B","autonomia=guia_paso_a_paso|canales_digitales=chat_mensajeria|atencion_telefonica=incluida|integracion=consulta|continuidad_humana=sin_transferencia|precio_mensual=precio_50000","atencion_telefonica","incluida"
"atencion_cliente",2,1,"B","autonomia=guia_paso_a_paso|canales_digitales=chat_mensajeria|atencion_telefonica=incluida|integracion=consulta|continuidad_humana=sin_transferencia|precio_mensual=precio_50000","integracion","consulta"
"atencion_cliente",2,1,"B","autonomia=guia_paso_a_paso|canales_digitales=chat_mensajeria|atencion_telefonica=incluida|integracion=consulta|continuidad_humana=sin_transferencia|precio_mensual=precio_50000","continuidad_humana","sin_transferencia"
"atencion_cliente",2,1,"B","autonomia=guia_paso_a_paso|canales_digitales=chat_mensajeria|atencion_telefonica=incluida|integracion=consulta|continuidad_humana=sin_transferencia|precio_mensual=precio_50000","precio_mensual","precio_50000"
"atencion_cliente",2,2,"A","autonomia=responde_consultas|canales_digitales=chat_web|atencion_telefonica=no_incluida|integracion=consulta|continuidad_humana=sin_transferencia|precio_mensual=precio_350000","autonomia","responde_consultas"
"atencion_cliente",2,2,"A","autonomia=responde_consultas|canales_digitales=chat_web|atencion_telefonica=no_incluida|integracion=consulta|continuidad_humana=sin_transferencia|precio_mensual=precio_350000","canales_digitales","chat_web"
"atencion_cliente",2,2,"A","autonomia=responde_consultas|canales_digitales=chat_web|atencion_telefonica=no_incluida|integracion=consulta|continuidad_humana=sin_transferencia|precio_mensual=precio_350000","atencion_telefonica","no_incluida"
"atencion_cliente",2,2,"A","autonomia=responde_consultas|canales_digitales=chat_web|atencion_telefonica=no_incluida|integracion=consulta|continuidad_humana=sin_transferencia|precio_mensual=precio_350000","integracion","consulta"
"atencion_cliente",2,2,"A","autonomia=responde_consultas|canales_digitales=chat_web|atencion_telefonica=no_incluida|integracion=consulta|continuidad_humana=sin_transferencia|precio_mensual=precio_350000","continuidad_humana","sin_transferencia"
"atencion_cliente",2,2,"A","autonomia=responde_consultas|canales_digitales=chat_web|atencion_telefonica=no_incluida|integracion=consulta|continuidad_humana=sin_transferencia|precio_mensual=precio_350000","precio_mensual","precio_350000"
"atencion_cliente",2,2,"B","autonomia=gestiona_solicitud|canales_digitales=chat_mensajeria|atencion_telefonica=incluida|integracion=sin_integracion|continuidad_humana=transferencia_contexto|precio_mensual=precio_50000","autonomia","gestiona_solicitud"
"atencion_cliente",2,2,"B","autonomia=gestiona_solicitud|canales_digitales=chat_mensajeria|atencion_telefonica=incluida|integracion=sin_integracion|continuidad_humana=transferencia_contexto|precio_mensual=precio_50000","canales_digitales","chat_mensajeria"
"atencion_cliente",2,2,"B","autonomia=gestiona_solicitud|canales_digitales=chat_mensajeria|atencion_telefonica=incluida|integracion=sin_integracion|continuidad_humana=transferencia_contexto|precio_mensual=precio_50000","atencion_telefonica","incluida"
"atencion_cliente",2,2,"B","autonomia=gestiona_solicitud|canales_digitales=chat_mensajeria|atencion_telefonica=incluida|integracion=sin_integracion|continuidad_humana=transferencia_contexto|precio_mensual=precio_50000","integracion","sin_integracion"
"atencion_cliente",2,2,"B","autonomia=gestiona_solicitud|canales_digitales=chat_mensajeria|atencion_telefonica=incluida|integracion=sin_integracion|continuidad_humana=transferencia_contexto|precio_mensual=precio_50000","continuidad_humana","transferencia_contexto"
"atencion_cliente",2,2,"B","autonomia=gestiona_solicitud|canales_digitales=chat_mensajeria|atencion_telefonica=incluida|integracion=sin_integracion|continuidad_humana=transferencia_contexto|precio_mensual=precio_50000","precio_mensual","precio_50000"
"atencion_cliente",2,3,"A","autonomia=gestiona_solicitud|canales_digitales=mensajeria|atencion_telefonica=no_incluida|integracion=consulta_actualizacion|continuidad_humana=sin_transferencia|precio_mensual=precio_50000","autonomia","gestiona_solicitud"
"atencion_cliente",2,3,"A","autonomia=gestiona_solicitud|canales_digitales=mensajeria|atencion_telefonica=no_incluida|integracion=consulta_actualizacion|continuidad_humana=sin_transferencia|precio_mensual=precio_50000","canales_digitales","mensajeria"
"atencion_cliente",2,3,"A","autonomia=gestiona_solicitud|canales_digitales=mensajeria|atencion_telefonica=no_incluida|integracion=consulta_actualizacion|continuidad_humana=sin_transferencia|precio_mensual=precio_50000","atencion_telefonica","no_incluida"
"atencion_cliente",2,3,"A","autonomia=gestiona_solicitud|canales_digitales=mensajeria|atencion_telefonica=no_incluida|integracion=consulta_actualizacion|continuidad_humana=sin_transferencia|precio_mensual=precio_50000","integracion","consulta_actualizacion"
"atencion_cliente",2,3,"A","autonomia=gestiona_solicitud|canales_digitales=mensajeria|atencion_telefonica=no_incluida|integracion=consulta_actualizacion|continuidad_humana=sin_transferencia|precio_mensual=precio_50000","continuidad_humana","sin_transferencia"
"atencion_cliente",2,3,"A","autonomia=gestiona_solicitud|canales_digitales=mensajeria|atencion_telefonica=no_incluida|integracion=consulta_actualizacion|continuidad_humana=sin_transferencia|precio_mensual=precio_50000","precio_mensual","precio_50000"
"atencion_cliente",2,3,"B","autonomia=responde_consultas|canales_digitales=chat_web|atencion_telefonica=incluida|integracion=sin_integracion|continuidad_humana=transferencia_contexto|precio_mensual=precio_350000","autonomia","responde_consultas"
"atencion_cliente",2,3,"B","autonomia=responde_consultas|canales_digitales=chat_web|atencion_telefonica=incluida|integracion=sin_integracion|continuidad_humana=transferencia_contexto|precio_mensual=precio_350000","canales_digitales","chat_web"
"atencion_cliente",2,3,"B","autonomia=responde_consultas|canales_digitales=chat_web|atencion_telefonica=incluida|integracion=sin_integracion|continuidad_humana=transferencia_contexto|precio_mensual=precio_350000","atencion_telefonica","incluida"
"atencion_cliente",2,3,"B","autonomia=responde_consultas|canales_digitales=chat_web|atencion_telefonica=incluida|integracion=sin_integracion|continuidad_humana=transferencia_contexto|precio_mensual=precio_350000","integracion","sin_integracion"
"atencion_cliente",2,3,"B","autonomia=responde_consultas|canales_digitales=chat_web|atencion_telefonica=incluida|integracion=sin_integracion|continuidad_humana=transferencia_contexto|precio_mensual=precio_350000","continuidad_humana","transferencia_contexto"
"atencion_cliente",2,3,"B","autonomia=responde_consultas|canales_digitales=chat_web|atencion_telefonica=incluida|integracion=sin_integracion|continuidad_humana=transferencia_contexto|precio_mensual=precio_350000","precio_mensual","precio_350000"
"atencion_cliente",2,4,"A","autonomia=guia_paso_a_paso|canales_digitales=chat_web|atencion_telefonica=incluida|integracion=consulta|continuidad_humana=transferencia_contexto|precio_mensual=precio_350000","autonomia","guia_paso_a_paso"
"atencion_cliente",2,4,"A","autonomia=guia_paso_a_paso|canales_digitales=chat_web|atencion_telefonica=incluida|integracion=consulta|continuidad_humana=transferencia_contexto|precio_mensual=precio_350000","canales_digitales","chat_web"
"atencion_cliente",2,4,"A","autonomia=guia_paso_a_paso|canales_digitales=chat_web|atencion_telefonica=incluida|integracion=consulta|continuidad_humana=transferencia_contexto|precio_mensual=precio_350000","atencion_telefonica","incluida"
"atencion_cliente",2,4,"A","autonomia=guia_paso_a_paso|canales_digitales=chat_web|atencion_telefonica=incluida|integracion=consulta|continuidad_humana=transferencia_contexto|precio_mensual=precio_350000","integracion","consulta"
"atencion_cliente",2,4,"A","autonomia=guia_paso_a_paso|canales_digitales=chat_web|atencion_telefonica=incluida|integracion=consulta|continuidad_humana=transferencia_contexto|precio_mensual=precio_350000","continuidad_humana","transferencia_contexto"
"atencion_cliente",2,4,"A","autonomia=guia_paso_a_paso|canales_digitales=chat_web|atencion_telefonica=incluida|integracion=consulta|continuidad_humana=transferencia_contexto|precio_mensual=precio_350000","precio_mensual","precio_350000"
"atencion_cliente",2,4,"B","autonomia=responde_consultas|canales_digitales=no_incluidos|atencion_telefonica=incluida|integracion=consulta_actualizacion|continuidad_humana=sin_transferencia|precio_mensual=precio_50000","autonomia","responde_consultas"
"atencion_cliente",2,4,"B","autonomia=responde_consultas|canales_digitales=no_incluidos|atencion_telefonica=incluida|integracion=consulta_actualizacion|continuidad_humana=sin_transferencia|precio_mensual=precio_50000","canales_digitales","no_incluidos"
"atencion_cliente",2,4,"B","autonomia=responde_consultas|canales_digitales=no_incluidos|atencion_telefonica=incluida|integracion=consulta_actualizacion|continuidad_humana=sin_transferencia|precio_mensual=precio_50000","atencion_telefonica","incluida"
"atencion_cliente",2,4,"B","autonomia=responde_consultas|canales_digitales=no_incluidos|atencion_telefonica=incluida|integracion=consulta_actualizacion|continuidad_humana=sin_transferencia|precio_mensual=precio_50000","integracion","consulta_actualizacion"
"atencion_cliente",2,4,"B","autonomia=responde_consultas|canales_digitales=no_incluidos|atencion_telefonica=incluida|integracion=consulta_actualizacion|continuidad_humana=sin_transferencia|precio_mensual=precio_50000","continuidad_humana","sin_transferencia"
"atencion_cliente",2,4,"B","autonomia=responde_consultas|canales_digitales=no_incluidos|atencion_telefonica=incluida|integracion=consulta_actualizacion|continuidad_humana=sin_transferencia|precio_mensual=precio_50000","precio_mensual","precio_50000"
"atencion_cliente",3,1,"A","autonomia=guia_paso_a_paso|canales_digitales=chat_web|atencion_telefonica=incluida|integracion=consulta_actualizacion|continuidad_humana=transferencia_contexto|precio_mensual=precio_50000","autonomia","guia_paso_a_paso"
"atencion_cliente",3,1,"A","autonomia=guia_paso_a_paso|canales_digitales=chat_web|atencion_telefonica=incluida|integracion=consulta_actualizacion|continuidad_humana=transferencia_contexto|precio_mensual=precio_50000","canales_digitales","chat_web"
"atencion_cliente",3,1,"A","autonomia=guia_paso_a_paso|canales_digitales=chat_web|atencion_telefonica=incluida|integracion=consulta_actualizacion|continuidad_humana=transferencia_contexto|precio_mensual=precio_50000","atencion_telefonica","incluida"
"atencion_cliente",3,1,"A","autonomia=guia_paso_a_paso|canales_digitales=chat_web|atencion_telefonica=incluida|integracion=consulta_actualizacion|continuidad_humana=transferencia_contexto|precio_mensual=precio_50000","integracion","consulta_actualizacion"
"atencion_cliente",3,1,"A","autonomia=guia_paso_a_paso|canales_digitales=chat_web|atencion_telefonica=incluida|integracion=consulta_actualizacion|continuidad_humana=transferencia_contexto|precio_mensual=precio_50000","continuidad_humana","transferencia_contexto"
"atencion_cliente",3,1,"A","autonomia=guia_paso_a_paso|canales_digitales=chat_web|atencion_telefonica=incluida|integracion=consulta_actualizacion|continuidad_humana=transferencia_contexto|precio_mensual=precio_50000","precio_mensual","precio_50000"
"atencion_cliente",3,1,"B","autonomia=gestiona_solicitud|canales_digitales=no_incluidos|atencion_telefonica=incluida|integracion=consulta|continuidad_humana=sin_transferencia|precio_mensual=precio_350000","autonomia","gestiona_solicitud"
"atencion_cliente",3,1,"B","autonomia=gestiona_solicitud|canales_digitales=no_incluidos|atencion_telefonica=incluida|integracion=consulta|continuidad_humana=sin_transferencia|precio_mensual=precio_350000","canales_digitales","no_incluidos"
"atencion_cliente",3,1,"B","autonomia=gestiona_solicitud|canales_digitales=no_incluidos|atencion_telefonica=incluida|integracion=consulta|continuidad_humana=sin_transferencia|precio_mensual=precio_350000","atencion_telefonica","incluida"
"atencion_cliente",3,1,"B","autonomia=gestiona_solicitud|canales_digitales=no_incluidos|atencion_telefonica=incluida|integracion=consulta|continuidad_humana=sin_transferencia|precio_mensual=precio_350000","integracion","consulta"
"atencion_cliente",3,1,"B","autonomia=gestiona_solicitud|canales_digitales=no_incluidos|atencion_telefonica=incluida|integracion=consulta|continuidad_humana=sin_transferencia|precio_mensual=precio_350000","continuidad_humana","sin_transferencia"
"atencion_cliente",3,1,"B","autonomia=gestiona_solicitud|canales_digitales=no_incluidos|atencion_telefonica=incluida|integracion=consulta|continuidad_humana=sin_transferencia|precio_mensual=precio_350000","precio_mensual","precio_350000"
"atencion_cliente",3,2,"A","autonomia=responde_consultas|canales_digitales=chat_mensajeria|atencion_telefonica=no_incluida|integracion=consulta|continuidad_humana=sin_transferencia|precio_mensual=precio_50000","autonomia","responde_consultas"
"atencion_cliente",3,2,"A","autonomia=responde_consultas|canales_digitales=chat_mensajeria|atencion_telefonica=no_incluida|integracion=consulta|continuidad_humana=sin_transferencia|precio_mensual=precio_50000","canales_digitales","chat_mensajeria"
"atencion_cliente",3,2,"A","autonomia=responde_consultas|canales_digitales=chat_mensajeria|atencion_telefonica=no_incluida|integracion=consulta|continuidad_humana=sin_transferencia|precio_mensual=precio_50000","atencion_telefonica","no_incluida"
"atencion_cliente",3,2,"A","autonomia=responde_consultas|canales_digitales=chat_mensajeria|atencion_telefonica=no_incluida|integracion=consulta|continuidad_humana=sin_transferencia|precio_mensual=precio_50000","integracion","consulta"
"atencion_cliente",3,2,"A","autonomia=responde_consultas|canales_digitales=chat_mensajeria|atencion_telefonica=no_incluida|integracion=consulta|continuidad_humana=sin_transferencia|precio_mensual=precio_50000","continuidad_humana","sin_transferencia"
"atencion_cliente",3,2,"A","autonomia=responde_consultas|canales_digitales=chat_mensajeria|atencion_telefonica=no_incluida|integracion=consulta|continuidad_humana=sin_transferencia|precio_mensual=precio_50000","precio_mensual","precio_50000"
"atencion_cliente",3,2,"B","autonomia=gestiona_solicitud|canales_digitales=mensajeria|atencion_telefonica=incluida|integracion=sin_integracion|continuidad_humana=transferencia_contexto|precio_mensual=precio_350000","autonomia","gestiona_solicitud"
"atencion_cliente",3,2,"B","autonomia=gestiona_solicitud|canales_digitales=mensajeria|atencion_telefonica=incluida|integracion=sin_integracion|continuidad_humana=transferencia_contexto|precio_mensual=precio_350000","canales_digitales","mensajeria"
"atencion_cliente",3,2,"B","autonomia=gestiona_solicitud|canales_digitales=mensajeria|atencion_telefonica=incluida|integracion=sin_integracion|continuidad_humana=transferencia_contexto|precio_mensual=precio_350000","atencion_telefonica","incluida"
"atencion_cliente",3,2,"B","autonomia=gestiona_solicitud|canales_digitales=mensajeria|atencion_telefonica=incluida|integracion=sin_integracion|continuidad_humana=transferencia_contexto|precio_mensual=precio_350000","integracion","sin_integracion"
"atencion_cliente",3,2,"B","autonomia=gestiona_solicitud|canales_digitales=mensajeria|atencion_telefonica=incluida|integracion=sin_integracion|continuidad_humana=transferencia_contexto|precio_mensual=precio_350000","continuidad_humana","transferencia_contexto"
"atencion_cliente",3,2,"B","autonomia=gestiona_solicitud|canales_digitales=mensajeria|atencion_telefonica=incluida|integracion=sin_integracion|continuidad_humana=transferencia_contexto|precio_mensual=precio_350000","precio_mensual","precio_350000"
"atencion_cliente",3,3,"A","autonomia=guia_paso_a_paso|canales_digitales=no_incluidos|atencion_telefonica=incluida|integracion=consulta_actualizacion|continuidad_humana=transferencia_contexto|precio_mensual=precio_50000","autonomia","guia_paso_a_paso"
"atencion_cliente",3,3,"A","autonomia=guia_paso_a_paso|canales_digitales=no_incluidos|atencion_telefonica=incluida|integracion=consulta_actualizacion|continuidad_humana=transferencia_contexto|precio_mensual=precio_50000","canales_digitales","no_incluidos"
"atencion_cliente",3,3,"A","autonomia=guia_paso_a_paso|canales_digitales=no_incluidos|atencion_telefonica=incluida|integracion=consulta_actualizacion|continuidad_humana=transferencia_contexto|precio_mensual=precio_50000","atencion_telefonica","incluida"
"atencion_cliente",3,3,"A","autonomia=guia_paso_a_paso|canales_digitales=no_incluidos|atencion_telefonica=incluida|integracion=consulta_actualizacion|continuidad_humana=transferencia_contexto|precio_mensual=precio_50000","integracion","consulta_actualizacion"
"atencion_cliente",3,3,"A","autonomia=guia_paso_a_paso|canales_digitales=no_incluidos|atencion_telefonica=incluida|integracion=consulta_actualizacion|continuidad_humana=transferencia_contexto|precio_mensual=precio_50000","continuidad_humana","transferencia_contexto"
"atencion_cliente",3,3,"A","autonomia=guia_paso_a_paso|canales_digitales=no_incluidos|atencion_telefonica=incluida|integracion=consulta_actualizacion|continuidad_humana=transferencia_contexto|precio_mensual=precio_50000","precio_mensual","precio_50000"
"atencion_cliente",3,3,"B","autonomia=responde_consultas|canales_digitales=chat_mensajeria|atencion_telefonica=no_incluida|integracion=sin_integracion|continuidad_humana=sin_transferencia|precio_mensual=precio_350000","autonomia","responde_consultas"
"atencion_cliente",3,3,"B","autonomia=responde_consultas|canales_digitales=chat_mensajeria|atencion_telefonica=no_incluida|integracion=sin_integracion|continuidad_humana=sin_transferencia|precio_mensual=precio_350000","canales_digitales","chat_mensajeria"
"atencion_cliente",3,3,"B","autonomia=responde_consultas|canales_digitales=chat_mensajeria|atencion_telefonica=no_incluida|integracion=sin_integracion|continuidad_humana=sin_transferencia|precio_mensual=precio_350000","atencion_telefonica","no_incluida"
"atencion_cliente",3,3,"B","autonomia=responde_consultas|canales_digitales=chat_mensajeria|atencion_telefonica=no_incluida|integracion=sin_integracion|continuidad_humana=sin_transferencia|precio_mensual=precio_350000","integracion","sin_integracion"
"atencion_cliente",3,3,"B","autonomia=responde_consultas|canales_digitales=chat_mensajeria|atencion_telefonica=no_incluida|integracion=sin_integracion|continuidad_humana=sin_transferencia|precio_mensual=precio_350000","continuidad_humana","sin_transferencia"
"atencion_cliente",3,3,"B","autonomia=responde_consultas|canales_digitales=chat_mensajeria|atencion_telefonica=no_incluida|integracion=sin_integracion|continuidad_humana=sin_transferencia|precio_mensual=precio_350000","precio_mensual","precio_350000"
"atencion_cliente",3,4,"A","autonomia=guia_paso_a_paso|canales_digitales=mensajeria|atencion_telefonica=no_incluida|integracion=consulta|continuidad_humana=transferencia_contexto|precio_mensual=precio_350000","autonomia","guia_paso_a_paso"
"atencion_cliente",3,4,"A","autonomia=guia_paso_a_paso|canales_digitales=mensajeria|atencion_telefonica=no_incluida|integracion=consulta|continuidad_humana=transferencia_contexto|precio_mensual=precio_350000","canales_digitales","mensajeria"
"atencion_cliente",3,4,"A","autonomia=guia_paso_a_paso|canales_digitales=mensajeria|atencion_telefonica=no_incluida|integracion=consulta|continuidad_humana=transferencia_contexto|precio_mensual=precio_350000","atencion_telefonica","no_incluida"
"atencion_cliente",3,4,"A","autonomia=guia_paso_a_paso|canales_digitales=mensajeria|atencion_telefonica=no_incluida|integracion=consulta|continuidad_humana=transferencia_contexto|precio_mensual=precio_350000","integracion","consulta"
"atencion_cliente",3,4,"A","autonomia=guia_paso_a_paso|canales_digitales=mensajeria|atencion_telefonica=no_incluida|integracion=consulta|continuidad_humana=transferencia_contexto|precio_mensual=precio_350000","continuidad_humana","transferencia_contexto"
"atencion_cliente",3,4,"A","autonomia=guia_paso_a_paso|canales_digitales=mensajeria|atencion_telefonica=no_incluida|integracion=consulta|continuidad_humana=transferencia_contexto|precio_mensual=precio_350000","precio_mensual","precio_350000"
"atencion_cliente",3,4,"B","autonomia=gestiona_solicitud|canales_digitales=chat_web|atencion_telefonica=incluida|integracion=consulta_actualizacion|continuidad_humana=sin_transferencia|precio_mensual=precio_50000","autonomia","gestiona_solicitud"
"atencion_cliente",3,4,"B","autonomia=gestiona_solicitud|canales_digitales=chat_web|atencion_telefonica=incluida|integracion=consulta_actualizacion|continuidad_humana=sin_transferencia|precio_mensual=precio_50000","canales_digitales","chat_web"
"atencion_cliente",3,4,"B","autonomia=gestiona_solicitud|canales_digitales=chat_web|atencion_telefonica=incluida|integracion=consulta_actualizacion|continuidad_humana=sin_transferencia|precio_mensual=precio_50000","atencion_telefonica","incluida"
"atencion_cliente",3,4,"B","autonomia=gestiona_solicitud|canales_digitales=chat_web|atencion_telefonica=incluida|integracion=consulta_actualizacion|continuidad_humana=sin_transferencia|precio_mensual=precio_50000","integracion","consulta_actualizacion"
"atencion_cliente",3,4,"B","autonomia=gestiona_solicitud|canales_digitales=chat_web|atencion_telefonica=incluida|integracion=consulta_actualizacion|continuidad_humana=sin_transferencia|precio_mensual=precio_50000","continuidad_humana","sin_transferencia"
"atencion_cliente",3,4,"B","autonomia=gestiona_solicitud|canales_digitales=chat_web|atencion_telefonica=incluida|integracion=consulta_actualizacion|continuidad_humana=sin_transferencia|precio_mensual=precio_50000","precio_mensual","precio_50000"
"atencion_cliente",4,1,"A","autonomia=gestiona_solicitud|canales_digitales=chat_mensajeria|atencion_telefonica=incluida|integracion=consulta_actualizacion|continuidad_humana=sin_transferencia|precio_mensual=precio_350000","autonomia","gestiona_solicitud"
"atencion_cliente",4,1,"A","autonomia=gestiona_solicitud|canales_digitales=chat_mensajeria|atencion_telefonica=incluida|integracion=consulta_actualizacion|continuidad_humana=sin_transferencia|precio_mensual=precio_350000","canales_digitales","chat_mensajeria"
"atencion_cliente",4,1,"A","autonomia=gestiona_solicitud|canales_digitales=chat_mensajeria|atencion_telefonica=incluida|integracion=consulta_actualizacion|continuidad_humana=sin_transferencia|precio_mensual=precio_350000","atencion_telefonica","incluida"
"atencion_cliente",4,1,"A","autonomia=gestiona_solicitud|canales_digitales=chat_mensajeria|atencion_telefonica=incluida|integracion=consulta_actualizacion|continuidad_humana=sin_transferencia|precio_mensual=precio_350000","integracion","consulta_actualizacion"
"atencion_cliente",4,1,"A","autonomia=gestiona_solicitud|canales_digitales=chat_mensajeria|atencion_telefonica=incluida|integracion=consulta_actualizacion|continuidad_humana=sin_transferencia|precio_mensual=precio_350000","continuidad_humana","sin_transferencia"
"atencion_cliente",4,1,"A","autonomia=gestiona_solicitud|canales_digitales=chat_mensajeria|atencion_telefonica=incluida|integracion=consulta_actualizacion|continuidad_humana=sin_transferencia|precio_mensual=precio_350000","precio_mensual","precio_350000"
"atencion_cliente",4,1,"B","autonomia=responde_consultas|canales_digitales=no_incluidos|atencion_telefonica=incluida|integracion=sin_integracion|continuidad_humana=transferencia_contexto|precio_mensual=precio_50000","autonomia","responde_consultas"
"atencion_cliente",4,1,"B","autonomia=responde_consultas|canales_digitales=no_incluidos|atencion_telefonica=incluida|integracion=sin_integracion|continuidad_humana=transferencia_contexto|precio_mensual=precio_50000","canales_digitales","no_incluidos"
"atencion_cliente",4,1,"B","autonomia=responde_consultas|canales_digitales=no_incluidos|atencion_telefonica=incluida|integracion=sin_integracion|continuidad_humana=transferencia_contexto|precio_mensual=precio_50000","atencion_telefonica","incluida"
"atencion_cliente",4,1,"B","autonomia=responde_consultas|canales_digitales=no_incluidos|atencion_telefonica=incluida|integracion=sin_integracion|continuidad_humana=transferencia_contexto|precio_mensual=precio_50000","integracion","sin_integracion"
"atencion_cliente",4,1,"B","autonomia=responde_consultas|canales_digitales=no_incluidos|atencion_telefonica=incluida|integracion=sin_integracion|continuidad_humana=transferencia_contexto|precio_mensual=precio_50000","continuidad_humana","transferencia_contexto"
"atencion_cliente",4,1,"B","autonomia=responde_consultas|canales_digitales=no_incluidos|atencion_telefonica=incluida|integracion=sin_integracion|continuidad_humana=transferencia_contexto|precio_mensual=precio_50000","precio_mensual","precio_50000"
"atencion_cliente",4,2,"A","autonomia=responde_consultas|canales_digitales=mensajeria|atencion_telefonica=incluida|integracion=consulta|continuidad_humana=transferencia_contexto|precio_mensual=precio_50000","autonomia","responde_consultas"
"atencion_cliente",4,2,"A","autonomia=responde_consultas|canales_digitales=mensajeria|atencion_telefonica=incluida|integracion=consulta|continuidad_humana=transferencia_contexto|precio_mensual=precio_50000","canales_digitales","mensajeria"
"atencion_cliente",4,2,"A","autonomia=responde_consultas|canales_digitales=mensajeria|atencion_telefonica=incluida|integracion=consulta|continuidad_humana=transferencia_contexto|precio_mensual=precio_50000","atencion_telefonica","incluida"
"atencion_cliente",4,2,"A","autonomia=responde_consultas|canales_digitales=mensajeria|atencion_telefonica=incluida|integracion=consulta|continuidad_humana=transferencia_contexto|precio_mensual=precio_50000","integracion","consulta"
"atencion_cliente",4,2,"A","autonomia=responde_consultas|canales_digitales=mensajeria|atencion_telefonica=incluida|integracion=consulta|continuidad_humana=transferencia_contexto|precio_mensual=precio_50000","continuidad_humana","transferencia_contexto"
"atencion_cliente",4,2,"A","autonomia=responde_consultas|canales_digitales=mensajeria|atencion_telefonica=incluida|integracion=consulta|continuidad_humana=transferencia_contexto|precio_mensual=precio_50000","precio_mensual","precio_50000"
"atencion_cliente",4,2,"B","autonomia=guia_paso_a_paso|canales_digitales=chat_web|atencion_telefonica=no_incluida|integracion=sin_integracion|continuidad_humana=sin_transferencia|precio_mensual=precio_350000","autonomia","guia_paso_a_paso"
"atencion_cliente",4,2,"B","autonomia=guia_paso_a_paso|canales_digitales=chat_web|atencion_telefonica=no_incluida|integracion=sin_integracion|continuidad_humana=sin_transferencia|precio_mensual=precio_350000","canales_digitales","chat_web"
"atencion_cliente",4,2,"B","autonomia=guia_paso_a_paso|canales_digitales=chat_web|atencion_telefonica=no_incluida|integracion=sin_integracion|continuidad_humana=sin_transferencia|precio_mensual=precio_350000","atencion_telefonica","no_incluida"
"atencion_cliente",4,2,"B","autonomia=guia_paso_a_paso|canales_digitales=chat_web|atencion_telefonica=no_incluida|integracion=sin_integracion|continuidad_humana=sin_transferencia|precio_mensual=precio_350000","integracion","sin_integracion"
"atencion_cliente",4,2,"B","autonomia=guia_paso_a_paso|canales_digitales=chat_web|atencion_telefonica=no_incluida|integracion=sin_integracion|continuidad_humana=sin_transferencia|precio_mensual=precio_350000","continuidad_humana","sin_transferencia"
"atencion_cliente",4,2,"B","autonomia=guia_paso_a_paso|canales_digitales=chat_web|atencion_telefonica=no_incluida|integracion=sin_integracion|continuidad_humana=sin_transferencia|precio_mensual=precio_350000","precio_mensual","precio_350000"
"atencion_cliente",4,3,"A","autonomia=guia_paso_a_paso|canales_digitales=chat_mensajeria|atencion_telefonica=no_incluida|integracion=consulta_actualizacion|continuidad_humana=transferencia_contexto|precio_mensual=precio_350000","autonomia","guia_paso_a_paso"
"atencion_cliente",4,3,"A","autonomia=guia_paso_a_paso|canales_digitales=chat_mensajeria|atencion_telefonica=no_incluida|integracion=consulta_actualizacion|continuidad_humana=transferencia_contexto|precio_mensual=precio_350000","canales_digitales","chat_mensajeria"
"atencion_cliente",4,3,"A","autonomia=guia_paso_a_paso|canales_digitales=chat_mensajeria|atencion_telefonica=no_incluida|integracion=consulta_actualizacion|continuidad_humana=transferencia_contexto|precio_mensual=precio_350000","atencion_telefonica","no_incluida"
"atencion_cliente",4,3,"A","autonomia=guia_paso_a_paso|canales_digitales=chat_mensajeria|atencion_telefonica=no_incluida|integracion=consulta_actualizacion|continuidad_humana=transferencia_contexto|precio_mensual=precio_350000","integracion","consulta_actualizacion"
"atencion_cliente",4,3,"A","autonomia=guia_paso_a_paso|canales_digitales=chat_mensajeria|atencion_telefonica=no_incluida|integracion=consulta_actualizacion|continuidad_humana=transferencia_contexto|precio_mensual=precio_350000","continuidad_humana","transferencia_contexto"
"atencion_cliente",4,3,"A","autonomia=guia_paso_a_paso|canales_digitales=chat_mensajeria|atencion_telefonica=no_incluida|integracion=consulta_actualizacion|continuidad_humana=transferencia_contexto|precio_mensual=precio_350000","precio_mensual","precio_350000"
"atencion_cliente",4,3,"B","autonomia=gestiona_solicitud|canales_digitales=chat_web|atencion_telefonica=incluida|integracion=consulta|continuidad_humana=sin_transferencia|precio_mensual=precio_50000","autonomia","gestiona_solicitud"
"atencion_cliente",4,3,"B","autonomia=gestiona_solicitud|canales_digitales=chat_web|atencion_telefonica=incluida|integracion=consulta|continuidad_humana=sin_transferencia|precio_mensual=precio_50000","canales_digitales","chat_web"
"atencion_cliente",4,3,"B","autonomia=gestiona_solicitud|canales_digitales=chat_web|atencion_telefonica=incluida|integracion=consulta|continuidad_humana=sin_transferencia|precio_mensual=precio_50000","atencion_telefonica","incluida"
"atencion_cliente",4,3,"B","autonomia=gestiona_solicitud|canales_digitales=chat_web|atencion_telefonica=incluida|integracion=consulta|continuidad_humana=sin_transferencia|precio_mensual=precio_50000","integracion","consulta"
"atencion_cliente",4,3,"B","autonomia=gestiona_solicitud|canales_digitales=chat_web|atencion_telefonica=incluida|integracion=consulta|continuidad_humana=sin_transferencia|precio_mensual=precio_50000","continuidad_humana","sin_transferencia"
"atencion_cliente",4,3,"B","autonomia=gestiona_solicitud|canales_digitales=chat_web|atencion_telefonica=incluida|integracion=consulta|continuidad_humana=sin_transferencia|precio_mensual=precio_50000","precio_mensual","precio_50000"
"atencion_cliente",4,4,"A","autonomia=responde_consultas|canales_digitales=chat_mensajeria|atencion_telefonica=incluida|integracion=consulta_actualizacion|continuidad_humana=transferencia_contexto|precio_mensual=precio_350000","autonomia","responde_consultas"
"atencion_cliente",4,4,"A","autonomia=responde_consultas|canales_digitales=chat_mensajeria|atencion_telefonica=incluida|integracion=consulta_actualizacion|continuidad_humana=transferencia_contexto|precio_mensual=precio_350000","canales_digitales","chat_mensajeria"
"atencion_cliente",4,4,"A","autonomia=responde_consultas|canales_digitales=chat_mensajeria|atencion_telefonica=incluida|integracion=consulta_actualizacion|continuidad_humana=transferencia_contexto|precio_mensual=precio_350000","atencion_telefonica","incluida"
"atencion_cliente",4,4,"A","autonomia=responde_consultas|canales_digitales=chat_mensajeria|atencion_telefonica=incluida|integracion=consulta_actualizacion|continuidad_humana=transferencia_contexto|precio_mensual=precio_350000","integracion","consulta_actualizacion"
"atencion_cliente",4,4,"A","autonomia=responde_consultas|canales_digitales=chat_mensajeria|atencion_telefonica=incluida|integracion=consulta_actualizacion|continuidad_humana=transferencia_contexto|precio_mensual=precio_350000","continuidad_humana","transferencia_contexto"
"atencion_cliente",4,4,"A","autonomia=responde_consultas|canales_digitales=chat_mensajeria|atencion_telefonica=incluida|integracion=consulta_actualizacion|continuidad_humana=transferencia_contexto|precio_mensual=precio_350000","precio_mensual","precio_350000"
"atencion_cliente",4,4,"B","autonomia=guia_paso_a_paso|canales_digitales=mensajeria|atencion_telefonica=no_incluida|integracion=sin_integracion|continuidad_humana=sin_transferencia|precio_mensual=precio_50000","autonomia","guia_paso_a_paso"
"atencion_cliente",4,4,"B","autonomia=guia_paso_a_paso|canales_digitales=mensajeria|atencion_telefonica=no_incluida|integracion=sin_integracion|continuidad_humana=sin_transferencia|precio_mensual=precio_50000","canales_digitales","mensajeria"
"atencion_cliente",4,4,"B","autonomia=guia_paso_a_paso|canales_digitales=mensajeria|atencion_telefonica=no_incluida|integracion=sin_integracion|continuidad_humana=sin_transferencia|precio_mensual=precio_50000","atencion_telefonica","no_incluida"
"atencion_cliente",4,4,"B","autonomia=guia_paso_a_paso|canales_digitales=mensajeria|atencion_telefonica=no_incluida|integracion=sin_integracion|continuidad_humana=sin_transferencia|precio_mensual=precio_50000","integracion","sin_integracion"
"atencion_cliente",4,4,"B","autonomia=guia_paso_a_paso|canales_digitales=mensajeria|atencion_telefonica=no_incluida|integracion=sin_integracion|continuidad_humana=sin_transferencia|precio_mensual=precio_50000","continuidad_humana","sin_transferencia"
"atencion_cliente",4,4,"B","autonomia=guia_paso_a_paso|canales_digitales=mensajeria|atencion_telefonica=no_incluida|integracion=sin_integracion|continuidad_humana=sin_transferencia|precio_mensual=precio_50000","precio_mensual","precio_50000"
"inventario_logistica",1,1,"A","control_inventario=no_incluido|reposicion=reposicion_automatica|distribucion=optimizacion_dinamica|integracion=integracion_automatica|precio_mensual=precio_200000","control_inventario","no_incluido"
"inventario_logistica",1,1,"A","control_inventario=no_incluido|reposicion=reposicion_automatica|distribucion=optimizacion_dinamica|integracion=integracion_automatica|precio_mensual=precio_200000","reposicion","reposicion_automatica"
"inventario_logistica",1,1,"A","control_inventario=no_incluido|reposicion=reposicion_automatica|distribucion=optimizacion_dinamica|integracion=integracion_automatica|precio_mensual=precio_200000","distribucion","optimizacion_dinamica"
"inventario_logistica",1,1,"A","control_inventario=no_incluido|reposicion=reposicion_automatica|distribucion=optimizacion_dinamica|integracion=integracion_automatica|precio_mensual=precio_200000","integracion","integracion_automatica"
"inventario_logistica",1,1,"A","control_inventario=no_incluido|reposicion=reposicion_automatica|distribucion=optimizacion_dinamica|integracion=integracion_automatica|precio_mensual=precio_200000","precio_mensual","precio_200000"
"inventario_logistica",1,1,"B","control_inventario=situaciones_conocidas|reposicion=no_incluida|distribucion=optimizacion_inteligente|integracion=integracion_automatica|precio_mensual=precio_35000","control_inventario","situaciones_conocidas"
"inventario_logistica",1,1,"B","control_inventario=situaciones_conocidas|reposicion=no_incluida|distribucion=optimizacion_inteligente|integracion=integracion_automatica|precio_mensual=precio_35000","reposicion","no_incluida"
"inventario_logistica",1,1,"B","control_inventario=situaciones_conocidas|reposicion=no_incluida|distribucion=optimizacion_inteligente|integracion=integracion_automatica|precio_mensual=precio_35000","distribucion","optimizacion_inteligente"
"inventario_logistica",1,1,"B","control_inventario=situaciones_conocidas|reposicion=no_incluida|distribucion=optimizacion_inteligente|integracion=integracion_automatica|precio_mensual=precio_35000","integracion","integracion_automatica"
"inventario_logistica",1,1,"B","control_inventario=situaciones_conocidas|reposicion=no_incluida|distribucion=optimizacion_inteligente|integracion=integracion_automatica|precio_mensual=precio_35000","precio_mensual","precio_35000"
"inventario_logistica",1,2,"A","control_inventario=anomalias_avanzadas|reposicion=recomendacion|distribucion=optimizacion_inteligente|integracion=carga_manual|precio_mensual=precio_200000","control_inventario","anomalias_avanzadas"
"inventario_logistica",1,2,"A","control_inventario=anomalias_avanzadas|reposicion=recomendacion|distribucion=optimizacion_inteligente|integracion=carga_manual|precio_mensual=precio_200000","reposicion","recomendacion"
"inventario_logistica",1,2,"A","control_inventario=anomalias_avanzadas|reposicion=recomendacion|distribucion=optimizacion_inteligente|integracion=carga_manual|precio_mensual=precio_200000","distribucion","optimizacion_inteligente"
"inventario_logistica",1,2,"A","control_inventario=anomalias_avanzadas|reposicion=recomendacion|distribucion=optimizacion_inteligente|integracion=carga_manual|precio_mensual=precio_200000","integracion","carga_manual"
"inventario_logistica",1,2,"A","control_inventario=anomalias_avanzadas|reposicion=recomendacion|distribucion=optimizacion_inteligente|integracion=carga_manual|precio_mensual=precio_200000","precio_mensual","precio_200000"
"inventario_logistica",1,2,"B","control_inventario=situaciones_conocidas|reposicion=no_incluida|distribucion=no_incluida|integracion=integracion_automatica|precio_mensual=precio_35000","control_inventario","situaciones_conocidas"
"inventario_logistica",1,2,"B","control_inventario=situaciones_conocidas|reposicion=no_incluida|distribucion=no_incluida|integracion=integracion_automatica|precio_mensual=precio_35000","reposicion","no_incluida"
"inventario_logistica",1,2,"B","control_inventario=situaciones_conocidas|reposicion=no_incluida|distribucion=no_incluida|integracion=integracion_automatica|precio_mensual=precio_35000","distribucion","no_incluida"
"inventario_logistica",1,2,"B","control_inventario=situaciones_conocidas|reposicion=no_incluida|distribucion=no_incluida|integracion=integracion_automatica|precio_mensual=precio_35000","integracion","integracion_automatica"
"inventario_logistica",1,2,"B","control_inventario=situaciones_conocidas|reposicion=no_incluida|distribucion=no_incluida|integracion=integracion_automatica|precio_mensual=precio_35000","precio_mensual","precio_35000"
"inventario_logistica",1,3,"A","control_inventario=no_incluido|reposicion=no_incluida|distribucion=optimizacion_inteligente|integracion=carga_manual|precio_mensual=precio_35000","control_inventario","no_incluido"
"inventario_logistica",1,3,"A","control_inventario=no_incluido|reposicion=no_incluida|distribucion=optimizacion_inteligente|integracion=carga_manual|precio_mensual=precio_35000","reposicion","no_incluida"
"inventario_logistica",1,3,"A","control_inventario=no_incluido|reposicion=no_incluida|distribucion=optimizacion_inteligente|integracion=carga_manual|precio_mensual=precio_35000","distribucion","optimizacion_inteligente"
"inventario_logistica",1,3,"A","control_inventario=no_incluido|reposicion=no_incluida|distribucion=optimizacion_inteligente|integracion=carga_manual|precio_mensual=precio_35000","integracion","carga_manual"
"inventario_logistica",1,3,"A","control_inventario=no_incluido|reposicion=no_incluida|distribucion=optimizacion_inteligente|integracion=carga_manual|precio_mensual=precio_35000","precio_mensual","precio_35000"
"inventario_logistica",1,3,"B","control_inventario=anomalias_avanzadas|reposicion=preparacion_pedidos|distribucion=no_incluida|integracion=integracion_automatica|precio_mensual=precio_200000","control_inventario","anomalias_avanzadas"
"inventario_logistica",1,3,"B","control_inventario=anomalias_avanzadas|reposicion=preparacion_pedidos|distribucion=no_incluida|integracion=integracion_automatica|precio_mensual=precio_200000","reposicion","preparacion_pedidos"
"inventario_logistica",1,3,"B","control_inventario=anomalias_avanzadas|reposicion=preparacion_pedidos|distribucion=no_incluida|integracion=integracion_automatica|precio_mensual=precio_200000","distribucion","no_incluida"
"inventario_logistica",1,3,"B","control_inventario=anomalias_avanzadas|reposicion=preparacion_pedidos|distribucion=no_incluida|integracion=integracion_automatica|precio_mensual=precio_200000","integracion","integracion_automatica"
"inventario_logistica",1,3,"B","control_inventario=anomalias_avanzadas|reposicion=preparacion_pedidos|distribucion=no_incluida|integracion=integracion_automatica|precio_mensual=precio_200000","precio_mensual","precio_200000"
"inventario_logistica",1,4,"A","control_inventario=anomalias_avanzadas|reposicion=preparacion_pedidos|distribucion=no_incluida|integracion=carga_manual|precio_mensual=precio_35000","control_inventario","anomalias_avanzadas"
"inventario_logistica",1,4,"A","control_inventario=anomalias_avanzadas|reposicion=preparacion_pedidos|distribucion=no_incluida|integracion=carga_manual|precio_mensual=precio_35000","reposicion","preparacion_pedidos"
"inventario_logistica",1,4,"A","control_inventario=anomalias_avanzadas|reposicion=preparacion_pedidos|distribucion=no_incluida|integracion=carga_manual|precio_mensual=precio_35000","distribucion","no_incluida"
"inventario_logistica",1,4,"A","control_inventario=anomalias_avanzadas|reposicion=preparacion_pedidos|distribucion=no_incluida|integracion=carga_manual|precio_mensual=precio_35000","integracion","carga_manual"
"inventario_logistica",1,4,"A","control_inventario=anomalias_avanzadas|reposicion=preparacion_pedidos|distribucion=no_incluida|integracion=carga_manual|precio_mensual=precio_35000","precio_mensual","precio_35000"
"inventario_logistica",1,4,"B","control_inventario=situaciones_conocidas|reposicion=recomendacion|distribucion=optimizacion_dinamica|integracion=integracion_automatica|precio_mensual=precio_200000","control_inventario","situaciones_conocidas"
"inventario_logistica",1,4,"B","control_inventario=situaciones_conocidas|reposicion=recomendacion|distribucion=optimizacion_dinamica|integracion=integracion_automatica|precio_mensual=precio_200000","reposicion","recomendacion"
"inventario_logistica",1,4,"B","control_inventario=situaciones_conocidas|reposicion=recomendacion|distribucion=optimizacion_dinamica|integracion=integracion_automatica|precio_mensual=precio_200000","distribucion","optimizacion_dinamica"
"inventario_logistica",1,4,"B","control_inventario=situaciones_conocidas|reposicion=recomendacion|distribucion=optimizacion_dinamica|integracion=integracion_automatica|precio_mensual=precio_200000","integracion","integracion_automatica"
"inventario_logistica",1,4,"B","control_inventario=situaciones_conocidas|reposicion=recomendacion|distribucion=optimizacion_dinamica|integracion=integracion_automatica|precio_mensual=precio_200000","precio_mensual","precio_200000"
"inventario_logistica",2,1,"A","control_inventario=anomalias_avanzadas|reposicion=reposicion_automatica|distribucion=no_incluida|integracion=integracion_automatica|precio_mensual=precio_35000","control_inventario","anomalias_avanzadas"
"inventario_logistica",2,1,"A","control_inventario=anomalias_avanzadas|reposicion=reposicion_automatica|distribucion=no_incluida|integracion=integracion_automatica|precio_mensual=precio_35000","reposicion","reposicion_automatica"
"inventario_logistica",2,1,"A","control_inventario=anomalias_avanzadas|reposicion=reposicion_automatica|distribucion=no_incluida|integracion=integracion_automatica|precio_mensual=precio_35000","distribucion","no_incluida"
"inventario_logistica",2,1,"A","control_inventario=anomalias_avanzadas|reposicion=reposicion_automatica|distribucion=no_incluida|integracion=integracion_automatica|precio_mensual=precio_35000","integracion","integracion_automatica"
"inventario_logistica",2,1,"A","control_inventario=anomalias_avanzadas|reposicion=reposicion_automatica|distribucion=no_incluida|integracion=integracion_automatica|precio_mensual=precio_35000","precio_mensual","precio_35000"
"inventario_logistica",2,1,"B","control_inventario=no_incluido|reposicion=no_incluida|distribucion=optimizacion_dinamica|integracion=integracion_automatica|precio_mensual=precio_200000","control_inventario","no_incluido"
"inventario_logistica",2,1,"B","control_inventario=no_incluido|reposicion=no_incluida|distribucion=optimizacion_dinamica|integracion=integracion_automatica|precio_mensual=precio_200000","reposicion","no_incluida"
"inventario_logistica",2,1,"B","control_inventario=no_incluido|reposicion=no_incluida|distribucion=optimizacion_dinamica|integracion=integracion_automatica|precio_mensual=precio_200000","distribucion","optimizacion_dinamica"
"inventario_logistica",2,1,"B","control_inventario=no_incluido|reposicion=no_incluida|distribucion=optimizacion_dinamica|integracion=integracion_automatica|precio_mensual=precio_200000","integracion","integracion_automatica"
"inventario_logistica",2,1,"B","control_inventario=no_incluido|reposicion=no_incluida|distribucion=optimizacion_dinamica|integracion=integracion_automatica|precio_mensual=precio_200000","precio_mensual","precio_200000"
"inventario_logistica",2,2,"A","control_inventario=situaciones_conocidas|reposicion=recomendacion|distribucion=no_incluida|integracion=integracion_automatica|precio_mensual=precio_35000","control_inventario","situaciones_conocidas"
"inventario_logistica",2,2,"A","control_inventario=situaciones_conocidas|reposicion=recomendacion|distribucion=no_incluida|integracion=integracion_automatica|precio_mensual=precio_35000","reposicion","recomendacion"
"inventario_logistica",2,2,"A","control_inventario=situaciones_conocidas|reposicion=recomendacion|distribucion=no_incluida|integracion=integracion_automatica|precio_mensual=precio_35000","distribucion","no_incluida"
"inventario_logistica",2,2,"A","control_inventario=situaciones_conocidas|reposicion=recomendacion|distribucion=no_incluida|integracion=integracion_automatica|precio_mensual=precio_35000","integracion","integracion_automatica"
"inventario_logistica",2,2,"A","control_inventario=situaciones_conocidas|reposicion=recomendacion|distribucion=no_incluida|integracion=integracion_automatica|precio_mensual=precio_35000","precio_mensual","precio_35000"
"inventario_logistica",2,2,"B","control_inventario=anomalias_avanzadas|reposicion=no_incluida|distribucion=optimizacion_inteligente|integracion=carga_manual|precio_mensual=precio_200000","control_inventario","anomalias_avanzadas"
"inventario_logistica",2,2,"B","control_inventario=anomalias_avanzadas|reposicion=no_incluida|distribucion=optimizacion_inteligente|integracion=carga_manual|precio_mensual=precio_200000","reposicion","no_incluida"
"inventario_logistica",2,2,"B","control_inventario=anomalias_avanzadas|reposicion=no_incluida|distribucion=optimizacion_inteligente|integracion=carga_manual|precio_mensual=precio_200000","distribucion","optimizacion_inteligente"
"inventario_logistica",2,2,"B","control_inventario=anomalias_avanzadas|reposicion=no_incluida|distribucion=optimizacion_inteligente|integracion=carga_manual|precio_mensual=precio_200000","integracion","carga_manual"
"inventario_logistica",2,2,"B","control_inventario=anomalias_avanzadas|reposicion=no_incluida|distribucion=optimizacion_inteligente|integracion=carga_manual|precio_mensual=precio_200000","precio_mensual","precio_200000"
"inventario_logistica",2,3,"A","control_inventario=situaciones_conocidas|reposicion=recomendacion|distribucion=no_incluida|integracion=carga_manual|precio_mensual=precio_200000","control_inventario","situaciones_conocidas"
"inventario_logistica",2,3,"A","control_inventario=situaciones_conocidas|reposicion=recomendacion|distribucion=no_incluida|integracion=carga_manual|precio_mensual=precio_200000","reposicion","recomendacion"
"inventario_logistica",2,3,"A","control_inventario=situaciones_conocidas|reposicion=recomendacion|distribucion=no_incluida|integracion=carga_manual|precio_mensual=precio_200000","distribucion","no_incluida"
"inventario_logistica",2,3,"A","control_inventario=situaciones_conocidas|reposicion=recomendacion|distribucion=no_incluida|integracion=carga_manual|precio_mensual=precio_200000","integracion","carga_manual"
"inventario_logistica",2,3,"A","control_inventario=situaciones_conocidas|reposicion=recomendacion|distribucion=no_incluida|integracion=carga_manual|precio_mensual=precio_200000","precio_mensual","precio_200000"
"inventario_logistica",2,3,"B","control_inventario=no_incluido|reposicion=preparacion_pedidos|distribucion=optimizacion_inteligente|integracion=integracion_automatica|precio_mensual=precio_35000","control_inventario","no_incluido"
"inventario_logistica",2,3,"B","control_inventario=no_incluido|reposicion=preparacion_pedidos|distribucion=optimizacion_inteligente|integracion=integracion_automatica|precio_mensual=precio_35000","reposicion","preparacion_pedidos"
"inventario_logistica",2,3,"B","control_inventario=no_incluido|reposicion=preparacion_pedidos|distribucion=optimizacion_inteligente|integracion=integracion_automatica|precio_mensual=precio_35000","distribucion","optimizacion_inteligente"
"inventario_logistica",2,3,"B","control_inventario=no_incluido|reposicion=preparacion_pedidos|distribucion=optimizacion_inteligente|integracion=integracion_automatica|precio_mensual=precio_35000","integracion","integracion_automatica"
"inventario_logistica",2,3,"B","control_inventario=no_incluido|reposicion=preparacion_pedidos|distribucion=optimizacion_inteligente|integracion=integracion_automatica|precio_mensual=precio_35000","precio_mensual","precio_35000"
"inventario_logistica",2,4,"A","control_inventario=no_incluido|reposicion=reposicion_automatica|distribucion=optimizacion_inteligente|integracion=integracion_automatica|precio_mensual=precio_35000","control_inventario","no_incluido"
"inventario_logistica",2,4,"A","control_inventario=no_incluido|reposicion=reposicion_automatica|distribucion=optimizacion_inteligente|integracion=integracion_automatica|precio_mensual=precio_35000","reposicion","reposicion_automatica"
"inventario_logistica",2,4,"A","control_inventario=no_incluido|reposicion=reposicion_automatica|distribucion=optimizacion_inteligente|integracion=integracion_automatica|precio_mensual=precio_35000","distribucion","optimizacion_inteligente"
"inventario_logistica",2,4,"A","control_inventario=no_incluido|reposicion=reposicion_automatica|distribucion=optimizacion_inteligente|integracion=integracion_automatica|precio_mensual=precio_35000","integracion","integracion_automatica"
"inventario_logistica",2,4,"A","control_inventario=no_incluido|reposicion=reposicion_automatica|distribucion=optimizacion_inteligente|integracion=integracion_automatica|precio_mensual=precio_35000","precio_mensual","precio_35000"
"inventario_logistica",2,4,"B","control_inventario=anomalias_avanzadas|reposicion=preparacion_pedidos|distribucion=optimizacion_dinamica|integracion=integracion_automatica|precio_mensual=precio_200000","control_inventario","anomalias_avanzadas"
"inventario_logistica",2,4,"B","control_inventario=anomalias_avanzadas|reposicion=preparacion_pedidos|distribucion=optimizacion_dinamica|integracion=integracion_automatica|precio_mensual=precio_200000","reposicion","preparacion_pedidos"
"inventario_logistica",2,4,"B","control_inventario=anomalias_avanzadas|reposicion=preparacion_pedidos|distribucion=optimizacion_dinamica|integracion=integracion_automatica|precio_mensual=precio_200000","distribucion","optimizacion_dinamica"
"inventario_logistica",2,4,"B","control_inventario=anomalias_avanzadas|reposicion=preparacion_pedidos|distribucion=optimizacion_dinamica|integracion=integracion_automatica|precio_mensual=precio_200000","integracion","integracion_automatica"
"inventario_logistica",2,4,"B","control_inventario=anomalias_avanzadas|reposicion=preparacion_pedidos|distribucion=optimizacion_dinamica|integracion=integracion_automatica|precio_mensual=precio_200000","precio_mensual","precio_200000"
"inventario_logistica",3,1,"A","control_inventario=anomalias_avanzadas|reposicion=reposicion_automatica|distribucion=optimizacion_dinamica|integracion=integracion_automatica|precio_mensual=precio_35000","control_inventario","anomalias_avanzadas"
"inventario_logistica",3,1,"A","control_inventario=anomalias_avanzadas|reposicion=reposicion_automatica|distribucion=optimizacion_dinamica|integracion=integracion_automatica|precio_mensual=precio_35000","reposicion","reposicion_automatica"
"inventario_logistica",3,1,"A","control_inventario=anomalias_avanzadas|reposicion=reposicion_automatica|distribucion=optimizacion_dinamica|integracion=integracion_automatica|precio_mensual=precio_35000","distribucion","optimizacion_dinamica"
"inventario_logistica",3,1,"A","control_inventario=anomalias_avanzadas|reposicion=reposicion_automatica|distribucion=optimizacion_dinamica|integracion=integracion_automatica|precio_mensual=precio_35000","integracion","integracion_automatica"
"inventario_logistica",3,1,"A","control_inventario=anomalias_avanzadas|reposicion=reposicion_automatica|distribucion=optimizacion_dinamica|integracion=integracion_automatica|precio_mensual=precio_35000","precio_mensual","precio_35000"
"inventario_logistica",3,1,"B","control_inventario=no_incluido|reposicion=preparacion_pedidos|distribucion=optimizacion_inteligente|integracion=integracion_automatica|precio_mensual=precio_200000","control_inventario","no_incluido"
"inventario_logistica",3,1,"B","control_inventario=no_incluido|reposicion=preparacion_pedidos|distribucion=optimizacion_inteligente|integracion=integracion_automatica|precio_mensual=precio_200000","reposicion","preparacion_pedidos"
"inventario_logistica",3,1,"B","control_inventario=no_incluido|reposicion=preparacion_pedidos|distribucion=optimizacion_inteligente|integracion=integracion_automatica|precio_mensual=precio_200000","distribucion","optimizacion_inteligente"
"inventario_logistica",3,1,"B","control_inventario=no_incluido|reposicion=preparacion_pedidos|distribucion=optimizacion_inteligente|integracion=integracion_automatica|precio_mensual=precio_200000","integracion","integracion_automatica"
"inventario_logistica",3,1,"B","control_inventario=no_incluido|reposicion=preparacion_pedidos|distribucion=optimizacion_inteligente|integracion=integracion_automatica|precio_mensual=precio_200000","precio_mensual","precio_200000"
"inventario_logistica",3,2,"A","control_inventario=anomalias_avanzadas|reposicion=recomendacion|distribucion=optimizacion_inteligente|integracion=integracion_automatica|precio_mensual=precio_35000","control_inventario","anomalias_avanzadas"
"inventario_logistica",3,2,"A","control_inventario=anomalias_avanzadas|reposicion=recomendacion|distribucion=optimizacion_inteligente|integracion=integracion_automatica|precio_mensual=precio_35000","reposicion","recomendacion"
"inventario_logistica",3,2,"A","control_inventario=anomalias_avanzadas|reposicion=recomendacion|distribucion=optimizacion_inteligente|integracion=integracion_automatica|precio_mensual=precio_35000","distribucion","optimizacion_inteligente"
"inventario_logistica",3,2,"A","control_inventario=anomalias_avanzadas|reposicion=recomendacion|distribucion=optimizacion_inteligente|integracion=integracion_automatica|precio_mensual=precio_35000","integracion","integracion_automatica"
"inventario_logistica",3,2,"A","control_inventario=anomalias_avanzadas|reposicion=recomendacion|distribucion=optimizacion_inteligente|integracion=integracion_automatica|precio_mensual=precio_35000","precio_mensual","precio_35000"
"inventario_logistica",3,2,"B","control_inventario=situaciones_conocidas|reposicion=no_incluida|distribucion=no_incluida|integracion=carga_manual|precio_mensual=precio_200000","control_inventario","situaciones_conocidas"
"inventario_logistica",3,2,"B","control_inventario=situaciones_conocidas|reposicion=no_incluida|distribucion=no_incluida|integracion=carga_manual|precio_mensual=precio_200000","reposicion","no_incluida"
"inventario_logistica",3,2,"B","control_inventario=situaciones_conocidas|reposicion=no_incluida|distribucion=no_incluida|integracion=carga_manual|precio_mensual=precio_200000","distribucion","no_incluida"
"inventario_logistica",3,2,"B","control_inventario=situaciones_conocidas|reposicion=no_incluida|distribucion=no_incluida|integracion=carga_manual|precio_mensual=precio_200000","integracion","carga_manual"
"inventario_logistica",3,2,"B","control_inventario=situaciones_conocidas|reposicion=no_incluida|distribucion=no_incluida|integracion=carga_manual|precio_mensual=precio_200000","precio_mensual","precio_200000"
"inventario_logistica",3,3,"A","control_inventario=situaciones_conocidas|reposicion=preparacion_pedidos|distribucion=optimizacion_dinamica|integracion=integracion_automatica|precio_mensual=precio_35000","control_inventario","situaciones_conocidas"
"inventario_logistica",3,3,"A","control_inventario=situaciones_conocidas|reposicion=preparacion_pedidos|distribucion=optimizacion_dinamica|integracion=integracion_automatica|precio_mensual=precio_35000","reposicion","preparacion_pedidos"
"inventario_logistica",3,3,"A","control_inventario=situaciones_conocidas|reposicion=preparacion_pedidos|distribucion=optimizacion_dinamica|integracion=integracion_automatica|precio_mensual=precio_35000","distribucion","optimizacion_dinamica"
"inventario_logistica",3,3,"A","control_inventario=situaciones_conocidas|reposicion=preparacion_pedidos|distribucion=optimizacion_dinamica|integracion=integracion_automatica|precio_mensual=precio_35000","integracion","integracion_automatica"
"inventario_logistica",3,3,"A","control_inventario=situaciones_conocidas|reposicion=preparacion_pedidos|distribucion=optimizacion_dinamica|integracion=integracion_automatica|precio_mensual=precio_35000","precio_mensual","precio_35000"
"inventario_logistica",3,3,"B","control_inventario=no_incluido|reposicion=reposicion_automatica|distribucion=no_incluida|integracion=integracion_automatica|precio_mensual=precio_200000","control_inventario","no_incluido"
"inventario_logistica",3,3,"B","control_inventario=no_incluido|reposicion=reposicion_automatica|distribucion=no_incluida|integracion=integracion_automatica|precio_mensual=precio_200000","reposicion","reposicion_automatica"
"inventario_logistica",3,3,"B","control_inventario=no_incluido|reposicion=reposicion_automatica|distribucion=no_incluida|integracion=integracion_automatica|precio_mensual=precio_200000","distribucion","no_incluida"
"inventario_logistica",3,3,"B","control_inventario=no_incluido|reposicion=reposicion_automatica|distribucion=no_incluida|integracion=integracion_automatica|precio_mensual=precio_200000","integracion","integracion_automatica"
"inventario_logistica",3,3,"B","control_inventario=no_incluido|reposicion=reposicion_automatica|distribucion=no_incluida|integracion=integracion_automatica|precio_mensual=precio_200000","precio_mensual","precio_200000"
"inventario_logistica",3,4,"A","control_inventario=anomalias_avanzadas|reposicion=no_incluida|distribucion=no_incluida|integracion=integracion_automatica|precio_mensual=precio_200000","control_inventario","anomalias_avanzadas"
"inventario_logistica",3,4,"A","control_inventario=anomalias_avanzadas|reposicion=no_incluida|distribucion=no_incluida|integracion=integracion_automatica|precio_mensual=precio_200000","reposicion","no_incluida"
"inventario_logistica",3,4,"A","control_inventario=anomalias_avanzadas|reposicion=no_incluida|distribucion=no_incluida|integracion=integracion_automatica|precio_mensual=precio_200000","distribucion","no_incluida"
"inventario_logistica",3,4,"A","control_inventario=anomalias_avanzadas|reposicion=no_incluida|distribucion=no_incluida|integracion=integracion_automatica|precio_mensual=precio_200000","integracion","integracion_automatica"
"inventario_logistica",3,4,"A","control_inventario=anomalias_avanzadas|reposicion=no_incluida|distribucion=no_incluida|integracion=integracion_automatica|precio_mensual=precio_200000","precio_mensual","precio_200000"
"inventario_logistica",3,4,"B","control_inventario=situaciones_conocidas|reposicion=recomendacion|distribucion=optimizacion_inteligente|integracion=carga_manual|precio_mensual=precio_35000","control_inventario","situaciones_conocidas"
"inventario_logistica",3,4,"B","control_inventario=situaciones_conocidas|reposicion=recomendacion|distribucion=optimizacion_inteligente|integracion=carga_manual|precio_mensual=precio_35000","reposicion","recomendacion"
"inventario_logistica",3,4,"B","control_inventario=situaciones_conocidas|reposicion=recomendacion|distribucion=optimizacion_inteligente|integracion=carga_manual|precio_mensual=precio_35000","distribucion","optimizacion_inteligente"
"inventario_logistica",3,4,"B","control_inventario=situaciones_conocidas|reposicion=recomendacion|distribucion=optimizacion_inteligente|integracion=carga_manual|precio_mensual=precio_35000","integracion","carga_manual"
"inventario_logistica",3,4,"B","control_inventario=situaciones_conocidas|reposicion=recomendacion|distribucion=optimizacion_inteligente|integracion=carga_manual|precio_mensual=precio_35000","precio_mensual","precio_35000"
"inventario_logistica",4,1,"A","control_inventario=anomalias_avanzadas|reposicion=no_incluida|distribucion=no_incluida|integracion=carga_manual|precio_mensual=precio_35000","control_inventario","anomalias_avanzadas"
"inventario_logistica",4,1,"A","control_inventario=anomalias_avanzadas|reposicion=no_incluida|distribucion=no_incluida|integracion=carga_manual|precio_mensual=precio_35000","reposicion","no_incluida"
"inventario_logistica",4,1,"A","control_inventario=anomalias_avanzadas|reposicion=no_incluida|distribucion=no_incluida|integracion=carga_manual|precio_mensual=precio_35000","distribucion","no_incluida"
"inventario_logistica",4,1,"A","control_inventario=anomalias_avanzadas|reposicion=no_incluida|distribucion=no_incluida|integracion=carga_manual|precio_mensual=precio_35000","integracion","carga_manual"
"inventario_logistica",4,1,"A","control_inventario=anomalias_avanzadas|reposicion=no_incluida|distribucion=no_incluida|integracion=carga_manual|precio_mensual=precio_35000","precio_mensual","precio_35000"
"inventario_logistica",4,1,"B","control_inventario=situaciones_conocidas|reposicion=reposicion_automatica|distribucion=optimizacion_inteligente|integracion=integracion_automatica|precio_mensual=precio_200000","control_inventario","situaciones_conocidas"
"inventario_logistica",4,1,"B","control_inventario=situaciones_conocidas|reposicion=reposicion_automatica|distribucion=optimizacion_inteligente|integracion=integracion_automatica|precio_mensual=precio_200000","reposicion","reposicion_automatica"
"inventario_logistica",4,1,"B","control_inventario=situaciones_conocidas|reposicion=reposicion_automatica|distribucion=optimizacion_inteligente|integracion=integracion_automatica|precio_mensual=precio_200000","distribucion","optimizacion_inteligente"
"inventario_logistica",4,1,"B","control_inventario=situaciones_conocidas|reposicion=reposicion_automatica|distribucion=optimizacion_inteligente|integracion=integracion_automatica|precio_mensual=precio_200000","integracion","integracion_automatica"
"inventario_logistica",4,1,"B","control_inventario=situaciones_conocidas|reposicion=reposicion_automatica|distribucion=optimizacion_inteligente|integracion=integracion_automatica|precio_mensual=precio_200000","precio_mensual","precio_200000"
"inventario_logistica",4,2,"A","control_inventario=situaciones_conocidas|reposicion=reposicion_automatica|distribucion=optimizacion_dinamica|integracion=integracion_automatica|precio_mensual=precio_35000","control_inventario","situaciones_conocidas"
"inventario_logistica",4,2,"A","control_inventario=situaciones_conocidas|reposicion=reposicion_automatica|distribucion=optimizacion_dinamica|integracion=integracion_automatica|precio_mensual=precio_35000","reposicion","reposicion_automatica"
"inventario_logistica",4,2,"A","control_inventario=situaciones_conocidas|reposicion=reposicion_automatica|distribucion=optimizacion_dinamica|integracion=integracion_automatica|precio_mensual=precio_35000","distribucion","optimizacion_dinamica"
"inventario_logistica",4,2,"A","control_inventario=situaciones_conocidas|reposicion=reposicion_automatica|distribucion=optimizacion_dinamica|integracion=integracion_automatica|precio_mensual=precio_35000","integracion","integracion_automatica"
"inventario_logistica",4,2,"A","control_inventario=situaciones_conocidas|reposicion=reposicion_automatica|distribucion=optimizacion_dinamica|integracion=integracion_automatica|precio_mensual=precio_35000","precio_mensual","precio_35000"
"inventario_logistica",4,2,"B","control_inventario=no_incluido|reposicion=recomendacion|distribucion=no_incluida|integracion=integracion_automatica|precio_mensual=precio_200000","control_inventario","no_incluido"
"inventario_logistica",4,2,"B","control_inventario=no_incluido|reposicion=recomendacion|distribucion=no_incluida|integracion=integracion_automatica|precio_mensual=precio_200000","reposicion","recomendacion"
"inventario_logistica",4,2,"B","control_inventario=no_incluido|reposicion=recomendacion|distribucion=no_incluida|integracion=integracion_automatica|precio_mensual=precio_200000","distribucion","no_incluida"
"inventario_logistica",4,2,"B","control_inventario=no_incluido|reposicion=recomendacion|distribucion=no_incluida|integracion=integracion_automatica|precio_mensual=precio_200000","integracion","integracion_automatica"
"inventario_logistica",4,2,"B","control_inventario=no_incluido|reposicion=recomendacion|distribucion=no_incluida|integracion=integracion_automatica|precio_mensual=precio_200000","precio_mensual","precio_200000"
"inventario_logistica",4,3,"A","control_inventario=no_incluido|reposicion=recomendacion|distribucion=optimizacion_dinamica|integracion=integracion_automatica|precio_mensual=precio_35000","control_inventario","no_incluido"
"inventario_logistica",4,3,"A","control_inventario=no_incluido|reposicion=recomendacion|distribucion=optimizacion_dinamica|integracion=integracion_automatica|precio_mensual=precio_35000","reposicion","recomendacion"
"inventario_logistica",4,3,"A","control_inventario=no_incluido|reposicion=recomendacion|distribucion=optimizacion_dinamica|integracion=integracion_automatica|precio_mensual=precio_35000","distribucion","optimizacion_dinamica"
"inventario_logistica",4,3,"A","control_inventario=no_incluido|reposicion=recomendacion|distribucion=optimizacion_dinamica|integracion=integracion_automatica|precio_mensual=precio_35000","integracion","integracion_automatica"
"inventario_logistica",4,3,"A","control_inventario=no_incluido|reposicion=recomendacion|distribucion=optimizacion_dinamica|integracion=integracion_automatica|precio_mensual=precio_35000","precio_mensual","precio_35000"
"inventario_logistica",4,3,"B","control_inventario=situaciones_conocidas|reposicion=preparacion_pedidos|distribucion=optimizacion_inteligente|integracion=carga_manual|precio_mensual=precio_200000","control_inventario","situaciones_conocidas"
"inventario_logistica",4,3,"B","control_inventario=situaciones_conocidas|reposicion=preparacion_pedidos|distribucion=optimizacion_inteligente|integracion=carga_manual|precio_mensual=precio_200000","reposicion","preparacion_pedidos"
"inventario_logistica",4,3,"B","control_inventario=situaciones_conocidas|reposicion=preparacion_pedidos|distribucion=optimizacion_inteligente|integracion=carga_manual|precio_mensual=precio_200000","distribucion","optimizacion_inteligente"
"inventario_logistica",4,3,"B","control_inventario=situaciones_conocidas|reposicion=preparacion_pedidos|distribucion=optimizacion_inteligente|integracion=carga_manual|precio_mensual=precio_200000","integracion","carga_manual"
"inventario_logistica",4,3,"B","control_inventario=situaciones_conocidas|reposicion=preparacion_pedidos|distribucion=optimizacion_inteligente|integracion=carga_manual|precio_mensual=precio_200000","precio_mensual","precio_200000"
"inventario_logistica",4,4,"A","control_inventario=no_incluido|reposicion=preparacion_pedidos|distribucion=no_incluida|integracion=carga_manual|precio_mensual=precio_35000","control_inventario","no_incluido"
"inventario_logistica",4,4,"A","control_inventario=no_incluido|reposicion=preparacion_pedidos|distribucion=no_incluida|integracion=carga_manual|precio_mensual=precio_35000","reposicion","preparacion_pedidos"
"inventario_logistica",4,4,"A","control_inventario=no_incluido|reposicion=preparacion_pedidos|distribucion=no_incluida|integracion=carga_manual|precio_mensual=precio_35000","distribucion","no_incluida"
"inventario_logistica",4,4,"A","control_inventario=no_incluido|reposicion=preparacion_pedidos|distribucion=no_incluida|integracion=carga_manual|precio_mensual=precio_35000","integracion","carga_manual"
"inventario_logistica",4,4,"A","control_inventario=no_incluido|reposicion=preparacion_pedidos|distribucion=no_incluida|integracion=carga_manual|precio_mensual=precio_35000","precio_mensual","precio_35000"
"inventario_logistica",4,4,"B","control_inventario=anomalias_avanzadas|reposicion=no_incluida|distribucion=optimizacion_inteligente|integracion=integracion_automatica|precio_mensual=precio_200000","control_inventario","anomalias_avanzadas"
"inventario_logistica",4,4,"B","control_inventario=anomalias_avanzadas|reposicion=no_incluida|distribucion=optimizacion_inteligente|integracion=integracion_automatica|precio_mensual=precio_200000","reposicion","no_incluida"
"inventario_logistica",4,4,"B","control_inventario=anomalias_avanzadas|reposicion=no_incluida|distribucion=optimizacion_inteligente|integracion=integracion_automatica|precio_mensual=precio_200000","distribucion","optimizacion_inteligente"
"inventario_logistica",4,4,"B","control_inventario=anomalias_avanzadas|reposicion=no_incluida|distribucion=optimizacion_inteligente|integracion=integracion_automatica|precio_mensual=precio_200000","integracion","integracion_automatica"
"inventario_logistica",4,4,"B","control_inventario=anomalias_avanzadas|reposicion=no_incluida|distribucion=optimizacion_inteligente|integracion=integracion_automatica|precio_mensual=precio_200000","precio_mensual","precio_200000"
